--------------------------------------------------------
--  Fichier crÈÈ - lundi-janvier-06-2014   
--------------------------------------------------------
--------------------------------------------------------
--  DDL for Sequence SEQ_ADRESSES
--------------------------------------------------------

   CREATE SEQUENCE  "AIR2JAVA"."SEQ_ADRESSES"  MINVALUE 10 MAXVALUE 10000 INCREMENT BY 1 START WITH 10 CACHE 20 ORDER  CYCLE ;
--------------------------------------------------------
--  DDL for Sequence SEQ_ADRESSETYPES
--------------------------------------------------------

   CREATE SEQUENCE  "AIR2JAVA"."SEQ_ADRESSETYPES"  MINVALUE 10 MAXVALUE 10000 INCREMENT BY 1 START WITH 10 CACHE 20 ORDER  CYCLE ;
--------------------------------------------------------
--  DDL for Sequence SEQ_CIVILITE
--------------------------------------------------------

   CREATE SEQUENCE  "AIR2JAVA"."SEQ_CIVILITE"  MINVALUE 10 MAXVALUE 10000 INCREMENT BY 1 START WITH 10 CACHE 20 ORDER  CYCLE ;
--------------------------------------------------------
--  DDL for Sequence SEQ_CIVILITES
--------------------------------------------------------

   CREATE SEQUENCE  "AIR2JAVA"."SEQ_CIVILITES"  MINVALUE 10 MAXVALUE 10000 INCREMENT BY 1 START WITH 90 CACHE 20 ORDER  CYCLE ;
--------------------------------------------------------
--  DDL for Sequence SEQ_EMAILS
--------------------------------------------------------

   CREATE SEQUENCE  "AIR2JAVA"."SEQ_EMAILS"  MINVALUE 10 MAXVALUE 10000 INCREMENT BY 1 START WITH 62 CACHE 20 ORDER  CYCLE ;
--------------------------------------------------------
--  DDL for Sequence SEQ_GROUPES
--------------------------------------------------------

   CREATE SEQUENCE  "AIR2JAVA"."SEQ_GROUPES"  MINVALUE 10 MAXVALUE 10000 INCREMENT BY 1 START WITH 30 CACHE 20 ORDER  CYCLE ;
--------------------------------------------------------
--  DDL for Sequence SEQ_INDIVIDUS
--------------------------------------------------------

   CREATE SEQUENCE  "AIR2JAVA"."SEQ_INDIVIDUS"  MINVALUE 10 MAXVALUE 10000 INCREMENT BY 1 START WITH 64 CACHE 20 ORDER  CYCLE ;
--------------------------------------------------------
--  DDL for Sequence SEQ_INSTRUMENTS
--------------------------------------------------------

   CREATE SEQUENCE  "AIR2JAVA"."SEQ_INSTRUMENTS"  MINVALUE 10 MAXVALUE 10000 INCREMENT BY 1 START WITH 56 CACHE 20 ORDER  CYCLE ;
--------------------------------------------------------
--  DDL for Sequence SEQ_LIEUX
--------------------------------------------------------

   CREATE SEQUENCE  "AIR2JAVA"."SEQ_LIEUX"  MINVALUE 10 MAXVALUE 10000 INCREMENT BY 1 START WITH 10 CACHE 20 ORDER  CYCLE ;
--------------------------------------------------------
--  DDL for Sequence SEQ_LIEUXREPRESENTATION
--------------------------------------------------------

   CREATE SEQUENCE  "AIR2JAVA"."SEQ_LIEUXREPRESENTATION"  MINVALUE 10 MAXVALUE 10000 INCREMENT BY 1 START WITH 10 CACHE 20 ORDER  CYCLE ;
--------------------------------------------------------
--  DDL for Sequence SEQ_OEUVRES
--------------------------------------------------------

   CREATE SEQUENCE  "AIR2JAVA"."SEQ_OEUVRES"  MINVALUE 10 MAXVALUE 10000 INCREMENT BY 1 START WITH 10 CACHE 20 ORDER  CYCLE ;
--------------------------------------------------------
--  DDL for Sequence SEQ_OEUVRETYPES
--------------------------------------------------------

   CREATE SEQUENCE  "AIR2JAVA"."SEQ_OEUVRETYPES"  MINVALUE 10 MAXVALUE 10000 INCREMENT BY 1 START WITH 10 CACHE 20 ORDER  CYCLE ;
--------------------------------------------------------
--  DDL for Sequence SEQ_PAYS
--------------------------------------------------------

   CREATE SEQUENCE  "AIR2JAVA"."SEQ_PAYS"  MINVALUE 1 MAXVALUE 1000 INCREMENT BY 1 START WITH 406 CACHE 20 ORDER  NOCYCLE ;
--------------------------------------------------------
--  DDL for Sequence SEQ_PROGRAMME
--------------------------------------------------------

   CREATE SEQUENCE  "AIR2JAVA"."SEQ_PROGRAMME"  MINVALUE 10 MAXVALUE 10000 INCREMENT BY 1 START WITH 10 CACHE 20 ORDER  CYCLE ;
--------------------------------------------------------
--  DDL for Sequence SEQ_REGIONS
--------------------------------------------------------

   CREATE SEQUENCE  "AIR2JAVA"."SEQ_REGIONS"  MINVALUE 10 MAXVALUE 10000 INCREMENT BY 1 START WITH 30 CACHE 20 ORDER  CYCLE ;
--------------------------------------------------------
--  DDL for Sequence SEQ_RENCONTRES
--------------------------------------------------------

   CREATE SEQUENCE  "AIR2JAVA"."SEQ_RENCONTRES"  MINVALUE 10 MAXVALUE 10000 INCREMENT BY 1 START WITH 10 CACHE 20 ORDER  CYCLE ;
--------------------------------------------------------
--  DDL for Sequence SEQ_RESPONSABILITES
--------------------------------------------------------

   CREATE SEQUENCE  "AIR2JAVA"."SEQ_RESPONSABILITES"  MINVALUE 10 MAXVALUE 10000 INCREMENT BY 1 START WITH 10 CACHE 20 ORDER  CYCLE ;
--------------------------------------------------------
--  DDL for Sequence SEQ_SPECIALITES
--------------------------------------------------------

   CREATE SEQUENCE  "AIR2JAVA"."SEQ_SPECIALITES"  MINVALUE 10 MAXVALUE 10000 INCREMENT BY 1 START WITH 10 CACHE 20 ORDER  CYCLE ;
--------------------------------------------------------
--  DDL for Sequence SEQ_TELEPHONES
--------------------------------------------------------

   CREATE SEQUENCE  "AIR2JAVA"."SEQ_TELEPHONES"  MINVALUE 10 MAXVALUE 10000 INCREMENT BY 1 START WITH 70 CACHE 20 ORDER  CYCLE ;
--------------------------------------------------------
--  DDL for Sequence SEQ_TELEPHONETYPES
--------------------------------------------------------

   CREATE SEQUENCE  "AIR2JAVA"."SEQ_TELEPHONETYPES"  MINVALUE 10 MAXVALUE 10000 INCREMENT BY 1 START WITH 10 CACHE 20 ORDER  CYCLE ;
--------------------------------------------------------
--  DDL for Table ADRESSES
--------------------------------------------------------

  CREATE TABLE "AIR2JAVA"."ADRESSES" 
   (	"ID_ADRESSE" NUMBER(2,0), 
	"ADR_LABEL" VARCHAR2(128 BYTE), 
	"ADR_CP" VARCHAR2(12 BYTE), 
	"ADR_VILLE" VARCHAR2(128 BYTE), 
	"ADR_PAYS" CHAR(32 BYTE)
   ) SEGMENT CREATION IMMEDIATE 
  PCTFREE 10 PCTUSED 40 INITRANS 1 MAXTRANS 255 NOCOMPRESS LOGGING
  STORAGE(INITIAL 65536 NEXT 1048576 MINEXTENTS 1 MAXEXTENTS 2147483645
  PCTINCREASE 0 FREELISTS 1 FREELIST GROUPS 1 BUFFER_POOL DEFAULT FLASH_CACHE DEFAULT CELL_FLASH_CACHE DEFAULT)
  TABLESPACE "USERS" ;
--------------------------------------------------------
--  DDL for Table ADRESSETYPES
--------------------------------------------------------

  CREATE TABLE "AIR2JAVA"."ADRESSETYPES" 
   (	"ID_ADRESSETYPE" NUMBER(2,0), 
	"ADRESSETYPE_LABEL" VARCHAR2(12 BYTE)
   ) SEGMENT CREATION IMMEDIATE 
  PCTFREE 10 PCTUSED 40 INITRANS 1 MAXTRANS 255 NOCOMPRESS LOGGING
  STORAGE(INITIAL 65536 NEXT 1048576 MINEXTENTS 1 MAXEXTENTS 2147483645
  PCTINCREASE 0 FREELISTS 1 FREELIST GROUPS 1 BUFFER_POOL DEFAULT FLASH_CACHE DEFAULT CELL_FLASH_CACHE DEFAULT)
  TABLESPACE "USERS" ;
--------------------------------------------------------
--  DDL for Table A_POUR_ADRESSE
--------------------------------------------------------

  CREATE TABLE "AIR2JAVA"."A_POUR_ADRESSE" 
   (	"ID_INDIVIDU" NUMBER(2,0), 
	"ID_ADRESSE" NUMBER(2,0), 
	"ID_ADRESSETYPE" NUMBER(2,0)
   ) SEGMENT CREATION IMMEDIATE 
  PCTFREE 10 PCTUSED 40 INITRANS 1 MAXTRANS 255 NOCOMPRESS LOGGING
  STORAGE(INITIAL 65536 NEXT 1048576 MINEXTENTS 1 MAXEXTENTS 2147483645
  PCTINCREASE 0 FREELISTS 1 FREELIST GROUPS 1 BUFFER_POOL DEFAULT FLASH_CACHE DEFAULT CELL_FLASH_CACHE DEFAULT)
  TABLESPACE "USERS" ;
--------------------------------------------------------
--  DDL for Table A_POUR_EMAIL
--------------------------------------------------------

  CREATE TABLE "AIR2JAVA"."A_POUR_EMAIL" 
   (	"ID_EMAIL" NUMBER(2,0), 
	"ID_INDIVIDU" NUMBER(2,0)
   ) SEGMENT CREATION IMMEDIATE 
  PCTFREE 10 PCTUSED 40 INITRANS 1 MAXTRANS 255 NOCOMPRESS LOGGING
  STORAGE(INITIAL 65536 NEXT 1048576 MINEXTENTS 1 MAXEXTENTS 2147483645
  PCTINCREASE 0 FREELISTS 1 FREELIST GROUPS 1 BUFFER_POOL DEFAULT FLASH_CACHE DEFAULT CELL_FLASH_CACHE DEFAULT)
  TABLESPACE "USERS" ;
--------------------------------------------------------
--  DDL for Table A_POUR_TEL
--------------------------------------------------------

  CREATE TABLE "AIR2JAVA"."A_POUR_TEL" 
   (	"ID_INDIVIDU" NUMBER(2,0), 
	"ID_TELEPHONE" NUMBER(2,0), 
	"ID_TELTYPE" NUMBER(2,0)
   ) SEGMENT CREATION IMMEDIATE 
  PCTFREE 10 PCTUSED 40 INITRANS 1 MAXTRANS 255 NOCOMPRESS LOGGING
  STORAGE(INITIAL 65536 NEXT 1048576 MINEXTENTS 1 MAXEXTENTS 2147483645
  PCTINCREASE 0 FREELISTS 1 FREELIST GROUPS 1 BUFFER_POOL DEFAULT FLASH_CACHE DEFAULT CELL_FLASH_CACHE DEFAULT)
  TABLESPACE "USERS" ;
--------------------------------------------------------
--  DDL for Table CIVILITES
--------------------------------------------------------

  CREATE TABLE "AIR2JAVA"."CIVILITES" 
   (	"ID_CIVILITE" NUMBER(2,0), 
	"CIVILITE_ABRV" VARCHAR2(32 BYTE), 
	"CIVILITE_LABEL" VARCHAR2(128 BYTE), 
	"CIVILITE_USAGE" VARCHAR2(250 BYTE)
   ) SEGMENT CREATION IMMEDIATE 
  PCTFREE 10 PCTUSED 40 INITRANS 1 MAXTRANS 255 NOCOMPRESS LOGGING
  STORAGE(INITIAL 65536 NEXT 1048576 MINEXTENTS 1 MAXEXTENTS 2147483645
  PCTINCREASE 0 FREELISTS 1 FREELIST GROUPS 1 BUFFER_POOL DEFAULT FLASH_CACHE DEFAULT CELL_FLASH_CACHE DEFAULT)
  TABLESPACE "USERS" ;
--------------------------------------------------------
--  DDL for Table COMPOSE
--------------------------------------------------------

  CREATE TABLE "AIR2JAVA"."COMPOSE" 
   (	"ID_PAYS" NUMBER(2,0), 
	"ID_REGION" NUMBER(2,0)
   ) SEGMENT CREATION IMMEDIATE 
  PCTFREE 10 PCTUSED 40 INITRANS 1 MAXTRANS 255 NOCOMPRESS LOGGING
  STORAGE(INITIAL 65536 NEXT 1048576 MINEXTENTS 1 MAXEXTENTS 2147483645
  PCTINCREASE 0 FREELISTS 1 FREELIST GROUPS 1 BUFFER_POOL DEFAULT FLASH_CACHE DEFAULT CELL_FLASH_CACHE DEFAULT)
  TABLESPACE "USERS" ;
--------------------------------------------------------
--  DDL for Table EMAILS
--------------------------------------------------------

  CREATE TABLE "AIR2JAVA"."EMAILS" 
   (	"ID_EMAIL" NUMBER(2,0), 
	"EMAIL_LABEL" VARCHAR2(128 BYTE)
   ) SEGMENT CREATION IMMEDIATE 
  PCTFREE 10 PCTUSED 40 INITRANS 1 MAXTRANS 255 NOCOMPRESS LOGGING
  STORAGE(INITIAL 65536 NEXT 1048576 MINEXTENTS 1 MAXEXTENTS 2147483645
  PCTINCREASE 0 FREELISTS 1 FREELIST GROUPS 1 BUFFER_POOL DEFAULT FLASH_CACHE DEFAULT CELL_FLASH_CACHE DEFAULT)
  TABLESPACE "USERS" ;
--------------------------------------------------------
--  DDL for Table EST_AUTEUR
--------------------------------------------------------

  CREATE TABLE "AIR2JAVA"."EST_AUTEUR" 
   (	"ID_INDIVIDU" NUMBER(2,0), 
	"ID_OEUVRE" NUMBER(32,0)
   ) SEGMENT CREATION IMMEDIATE 
  PCTFREE 10 PCTUSED 40 INITRANS 1 MAXTRANS 255 NOCOMPRESS LOGGING
  STORAGE(INITIAL 65536 NEXT 1048576 MINEXTENTS 1 MAXEXTENTS 2147483645
  PCTINCREASE 0 FREELISTS 1 FREELIST GROUPS 1 BUFFER_POOL DEFAULT FLASH_CACHE DEFAULT CELL_FLASH_CACHE DEFAULT)
  TABLESPACE "USERS" ;
--------------------------------------------------------
--  DDL for Table EST_DE_TYPE
--------------------------------------------------------

  CREATE TABLE "AIR2JAVA"."EST_DE_TYPE" 
   (	"ID_OEUVRE" NUMBER(32,0), 
	"ID_OEUVRETYPE" NUMBER(2,0)
   ) SEGMENT CREATION IMMEDIATE 
  PCTFREE 10 PCTUSED 40 INITRANS 1 MAXTRANS 255 NOCOMPRESS LOGGING
  STORAGE(INITIAL 65536 NEXT 1048576 MINEXTENTS 1 MAXEXTENTS 2147483645
  PCTINCREASE 0 FREELISTS 1 FREELIST GROUPS 1 BUFFER_POOL DEFAULT FLASH_CACHE DEFAULT CELL_FLASH_CACHE DEFAULT)
  TABLESPACE "USERS" ;
--------------------------------------------------------
--  DDL for Table EST_MEMBRE
--------------------------------------------------------

  CREATE TABLE "AIR2JAVA"."EST_MEMBRE" 
   (	"ID_GROUPE" NUMBER(2,0), 
	"ID_INDIVIDU" NUMBER(2,0), 
	"ID_FONCTION" NUMBER(2,0)
   ) SEGMENT CREATION IMMEDIATE 
  PCTFREE 10 PCTUSED 40 INITRANS 1 MAXTRANS 255 NOCOMPRESS LOGGING
  STORAGE(INITIAL 65536 NEXT 1048576 MINEXTENTS 1 MAXEXTENTS 2147483645
  PCTINCREASE 0 FREELISTS 1 FREELIST GROUPS 1 BUFFER_POOL DEFAULT FLASH_CACHE DEFAULT CELL_FLASH_CACHE DEFAULT)
  TABLESPACE "USERS" ;
--------------------------------------------------------
--  DDL for Table EST_RESPONSABLE
--------------------------------------------------------

  CREATE TABLE "AIR2JAVA"."EST_RESPONSABLE" 
   (	"ID_RESPONSABILITE" NUMBER(2,0), 
	"ID_INDIVIDU" NUMBER(2,0), 
	"ID_GROUPE" NUMBER(2,0)
   ) SEGMENT CREATION IMMEDIATE 
  PCTFREE 10 PCTUSED 40 INITRANS 1 MAXTRANS 255 NOCOMPRESS LOGGING
  STORAGE(INITIAL 65536 NEXT 1048576 MINEXTENTS 1 MAXEXTENTS 2147483645
  PCTINCREASE 0 FREELISTS 1 FREELIST GROUPS 1 BUFFER_POOL DEFAULT FLASH_CACHE DEFAULT CELL_FLASH_CACHE DEFAULT)
  TABLESPACE "USERS" ;
--------------------------------------------------------
--  DDL for Table FONCTION
--------------------------------------------------------

  CREATE TABLE "AIR2JAVA"."FONCTION" 
   (	"ID_FONCTION" NUMBER(2,0), 
	"ID_GROUPE" NUMBER(2,0), 
	"ID_INDIVIDU" NUMBER(2,0), 
	"FONCTION_LABEL" VARCHAR2(32 BYTE)
   ) SEGMENT CREATION IMMEDIATE 
  PCTFREE 10 PCTUSED 40 INITRANS 1 MAXTRANS 255 NOCOMPRESS LOGGING
  STORAGE(INITIAL 65536 NEXT 1048576 MINEXTENTS 1 MAXEXTENTS 2147483645
  PCTINCREASE 0 FREELISTS 1 FREELIST GROUPS 1 BUFFER_POOL DEFAULT FLASH_CACHE DEFAULT CELL_FLASH_CACHE DEFAULT)
  TABLESPACE "USERS" ;
--------------------------------------------------------
--  DDL for Table FONCTIONS
--------------------------------------------------------

  CREATE TABLE "AIR2JAVA"."FONCTIONS" 
   (	"ID_FONCTION" NUMBER(2,0), 
	"FONCTION_LABEL" VARCHAR2(32 BYTE)
   ) SEGMENT CREATION IMMEDIATE 
  PCTFREE 10 PCTUSED 40 INITRANS 1 MAXTRANS 255 NOCOMPRESS LOGGING
  STORAGE(INITIAL 65536 NEXT 1048576 MINEXTENTS 1 MAXEXTENTS 2147483645
  PCTINCREASE 0 FREELISTS 1 FREELIST GROUPS 1 BUFFER_POOL DEFAULT FLASH_CACHE DEFAULT CELL_FLASH_CACHE DEFAULT)
  TABLESPACE "USERS" ;
--------------------------------------------------------
--  DDL for Table GROUPES
--------------------------------------------------------

  CREATE TABLE "AIR2JAVA"."GROUPES" 
   (	"ID_GROUPE" NUMBER(2,0), 
	"ID_INDIVIDU" NUMBER(2,0), 
	"DENOMINATION" VARCHAR2(32 BYTE), 
	"CARACTERISTIQUES" VARCHAR2(32 BYTE)
   ) SEGMENT CREATION IMMEDIATE 
  PCTFREE 10 PCTUSED 40 INITRANS 1 MAXTRANS 255 NOCOMPRESS LOGGING
  STORAGE(INITIAL 65536 NEXT 1048576 MINEXTENTS 1 MAXEXTENTS 2147483645
  PCTINCREASE 0 FREELISTS 1 FREELIST GROUPS 1 BUFFER_POOL DEFAULT FLASH_CACHE DEFAULT CELL_FLASH_CACHE DEFAULT)
  TABLESPACE "USERS" ;
--------------------------------------------------------
--  DDL for Table INDIVIDUS
--------------------------------------------------------

  CREATE TABLE "AIR2JAVA"."INDIVIDUS" 
   (	"ID_INDIVIDU" NUMBER(2,0), 
	"ID_CIVILITE" NUMBER(2,0), 
	"NOM" VARCHAR2(32 BYTE), 
	"PRENOM" VARCHAR2(32 BYTE), 
	"DATE_NAISSANCE" DATE
   ) SEGMENT CREATION IMMEDIATE 
  PCTFREE 10 PCTUSED 40 INITRANS 1 MAXTRANS 255 NOCOMPRESS LOGGING
  STORAGE(INITIAL 65536 NEXT 1048576 MINEXTENTS 1 MAXEXTENTS 2147483645
  PCTINCREASE 0 FREELISTS 1 FREELIST GROUPS 1 BUFFER_POOL DEFAULT FLASH_CACHE DEFAULT CELL_FLASH_CACHE DEFAULT)
  TABLESPACE "USERS" ;
--------------------------------------------------------
--  DDL for Table INSTRUMENTS
--------------------------------------------------------

  CREATE TABLE "AIR2JAVA"."INSTRUMENTS" 
   (	"ID_INSTRUMENT" NUMBER(2,0), 
	"INSTRUMENT_LABEL" VARCHAR2(32 BYTE)
   ) SEGMENT CREATION IMMEDIATE 
  PCTFREE 10 PCTUSED 40 INITRANS 1 MAXTRANS 255 NOCOMPRESS LOGGING
  STORAGE(INITIAL 65536 NEXT 1048576 MINEXTENTS 1 MAXEXTENTS 2147483645
  PCTINCREASE 0 FREELISTS 1 FREELIST GROUPS 1 BUFFER_POOL DEFAULT FLASH_CACHE DEFAULT CELL_FLASH_CACHE DEFAULT)
  TABLESPACE "USERS" ;
--------------------------------------------------------
--  DDL for Table INSTUMENTS
--------------------------------------------------------

  CREATE TABLE "AIR2JAVA"."INSTUMENTS" 
   (	"ID_INSTRUMENT" NUMBER(2,0), 
	"NOM_INSTRUMENT" VARCHAR2(32 BYTE)
   ) SEGMENT CREATION IMMEDIATE 
  PCTFREE 10 PCTUSED 40 INITRANS 1 MAXTRANS 255 NOCOMPRESS LOGGING
  STORAGE(INITIAL 65536 NEXT 1048576 MINEXTENTS 1 MAXEXTENTS 2147483645
  PCTINCREASE 0 FREELISTS 1 FREELIST GROUPS 1 BUFFER_POOL DEFAULT FLASH_CACHE DEFAULT CELL_FLASH_CACHE DEFAULT)
  TABLESPACE "USERS" ;
--------------------------------------------------------
--  DDL for Table JOUE
--------------------------------------------------------

  CREATE TABLE "AIR2JAVA"."JOUE" 
   (	"ID_GROUPE" NUMBER(2,0), 
	"ID_OEUVRE" NUMBER(32,0)
   ) SEGMENT CREATION IMMEDIATE 
  PCTFREE 10 PCTUSED 40 INITRANS 1 MAXTRANS 255 NOCOMPRESS LOGGING
  STORAGE(INITIAL 65536 NEXT 1048576 MINEXTENTS 1 MAXEXTENTS 2147483645
  PCTINCREASE 0 FREELISTS 1 FREELIST GROUPS 1 BUFFER_POOL DEFAULT FLASH_CACHE DEFAULT CELL_FLASH_CACHE DEFAULT)
  TABLESPACE "USERS" ;
--------------------------------------------------------
--  DDL for Table JOUEE_EN_TANT_QUE
--------------------------------------------------------

  CREATE TABLE "AIR2JAVA"."JOUEE_EN_TANT_QUE" 
   (	"ID_SPECIALITE" NUMBER(2,0), 
	"ID_INSTRUMENT" NUMBER(2,0)
   ) SEGMENT CREATION IMMEDIATE 
  PCTFREE 10 PCTUSED 40 INITRANS 1 MAXTRANS 255 NOCOMPRESS LOGGING
  STORAGE(INITIAL 65536 NEXT 1048576 MINEXTENTS 1 MAXEXTENTS 2147483645
  PCTINCREASE 0 FREELISTS 1 FREELIST GROUPS 1 BUFFER_POOL DEFAULT FLASH_CACHE DEFAULT CELL_FLASH_CACHE DEFAULT)
  TABLESPACE "USERS" ;
--------------------------------------------------------
--  DDL for Table JOUE_EN_TANT_QUE
--------------------------------------------------------

  CREATE TABLE "AIR2JAVA"."JOUE_EN_TANT_QUE" 
   (	"ID_INDIVIDU" NUMBER(2,0), 
	"ID_SPECIALITE" NUMBER(2,0), 
	"ID_INSTRUMENT" NUMBER(2,0)
   ) SEGMENT CREATION IMMEDIATE 
  PCTFREE 10 PCTUSED 40 INITRANS 1 MAXTRANS 255 NOCOMPRESS LOGGING
  STORAGE(INITIAL 65536 NEXT 1048576 MINEXTENTS 1 MAXEXTENTS 2147483645
  PCTINCREASE 0 FREELISTS 1 FREELIST GROUPS 1 BUFFER_POOL DEFAULT FLASH_CACHE DEFAULT CELL_FLASH_CACHE DEFAULT)
  TABLESPACE "USERS" ;
--------------------------------------------------------
--  DDL for Table LIEUX
--------------------------------------------------------

  CREATE TABLE "AIR2JAVA"."LIEUX" 
   (	"ID_LIEU" NUMBER(2,0), 
	"ID_ADRESSE" NUMBER(2,0), 
	"LIEU_LABEL" VARCHAR2(32 BYTE)
   ) SEGMENT CREATION IMMEDIATE 
  PCTFREE 10 PCTUSED 40 INITRANS 1 MAXTRANS 255 NOCOMPRESS LOGGING
  STORAGE(INITIAL 65536 NEXT 1048576 MINEXTENTS 1 MAXEXTENTS 2147483645
  PCTINCREASE 0 FREELISTS 1 FREELIST GROUPS 1 BUFFER_POOL DEFAULT FLASH_CACHE DEFAULT CELL_FLASH_CACHE DEFAULT)
  TABLESPACE "USERS" ;
--------------------------------------------------------
--  DDL for Table LIEUXREPRESENTATION
--------------------------------------------------------

  CREATE TABLE "AIR2JAVA"."LIEUXREPRESENTATION" 
   (	"ID_LIEUREPRESENTATION" NUMBER(2,0), 
	"LIEUREPRESENTATION_LABEL" VARCHAR2(32 BYTE)
   ) SEGMENT CREATION IMMEDIATE 
  PCTFREE 10 PCTUSED 40 INITRANS 1 MAXTRANS 255 NOCOMPRESS LOGGING
  STORAGE(INITIAL 65536 NEXT 1048576 MINEXTENTS 1 MAXEXTENTS 2147483645
  PCTINCREASE 0 FREELISTS 1 FREELIST GROUPS 1 BUFFER_POOL DEFAULT FLASH_CACHE DEFAULT CELL_FLASH_CACHE DEFAULT)
  TABLESPACE "USERS" ;
--------------------------------------------------------
--  DDL for Table OEUVRES
--------------------------------------------------------

  CREATE TABLE "AIR2JAVA"."OEUVRES" 
   (	"ID_OEUVRE" NUMBER(32,0), 
	"TITRE_OEUVRE" VARCHAR2(32 BYTE), 
	"DATE_APPARITION_OEUVRE" DATE, 
	"DUREE_OEUVRE" DATE
   ) SEGMENT CREATION IMMEDIATE 
  PCTFREE 10 PCTUSED 40 INITRANS 1 MAXTRANS 255 NOCOMPRESS LOGGING
  STORAGE(INITIAL 65536 NEXT 1048576 MINEXTENTS 1 MAXEXTENTS 2147483645
  PCTINCREASE 0 FREELISTS 1 FREELIST GROUPS 1 BUFFER_POOL DEFAULT FLASH_CACHE DEFAULT CELL_FLASH_CACHE DEFAULT)
  TABLESPACE "USERS" ;
--------------------------------------------------------
--  DDL for Table OEUVRETYPES
--------------------------------------------------------

  CREATE TABLE "AIR2JAVA"."OEUVRETYPES" 
   (	"ID_OEUVRETYPE" NUMBER(2,0), 
	"OEUVRETYPE_LABEL" VARCHAR2(32 BYTE)
   ) SEGMENT CREATION IMMEDIATE 
  PCTFREE 10 PCTUSED 40 INITRANS 1 MAXTRANS 255 NOCOMPRESS LOGGING
  STORAGE(INITIAL 65536 NEXT 1048576 MINEXTENTS 1 MAXEXTENTS 2147483645
  PCTINCREASE 0 FREELISTS 1 FREELIST GROUPS 1 BUFFER_POOL DEFAULT FLASH_CACHE DEFAULT CELL_FLASH_CACHE DEFAULT)
  TABLESPACE "USERS" ;
--------------------------------------------------------
--  DDL for Table PAYS
--------------------------------------------------------

  CREATE TABLE "AIR2JAVA"."PAYS" 
   (	"ID_PAYS" NUMBER(3,0), 
	"PAYS_LABEL" VARCHAR2(32 BYTE)
   ) SEGMENT CREATION IMMEDIATE 
  PCTFREE 10 PCTUSED 40 INITRANS 1 MAXTRANS 255 NOCOMPRESS LOGGING
  STORAGE(INITIAL 65536 NEXT 1048576 MINEXTENTS 1 MAXEXTENTS 2147483645
  PCTINCREASE 0 FREELISTS 1 FREELIST GROUPS 1 BUFFER_POOL DEFAULT FLASH_CACHE DEFAULT CELL_FLASH_CACHE DEFAULT)
  TABLESPACE "USERS" ;
--------------------------------------------------------
--  DDL for Table PROGRAMME
--------------------------------------------------------

  CREATE TABLE "AIR2JAVA"."PROGRAMME" 
   (	"ID_PROGRAMME" NUMBER(2,0), 
	"ID_RENCONTRE" NUMBER(2,0), 
	"ID_GROUPE" NUMBER(2,0), 
	"ID_LIEUREPRESENTATION" NUMBER(2,0), 
	"DATE_PASSAGE" CHAR(32 BYTE), 
	"HEURE_DEBUT" DATE, 
	"HEURE_FIN" DATE
   ) SEGMENT CREATION IMMEDIATE 
  PCTFREE 10 PCTUSED 40 INITRANS 1 MAXTRANS 255 NOCOMPRESS LOGGING
  STORAGE(INITIAL 65536 NEXT 1048576 MINEXTENTS 1 MAXEXTENTS 2147483645
  PCTINCREASE 0 FREELISTS 1 FREELIST GROUPS 1 BUFFER_POOL DEFAULT FLASH_CACHE DEFAULT CELL_FLASH_CACHE DEFAULT)
  TABLESPACE "USERS" ;
--------------------------------------------------------
--  DDL for Table REGIONS
--------------------------------------------------------

  CREATE TABLE "AIR2JAVA"."REGIONS" 
   (	"ID_REGION" NUMBER(2,0), 
	"REGION_LABEL" VARCHAR2(32 BYTE)
   ) SEGMENT CREATION IMMEDIATE 
  PCTFREE 10 PCTUSED 40 INITRANS 1 MAXTRANS 255 NOCOMPRESS LOGGING
  STORAGE(INITIAL 65536 NEXT 1048576 MINEXTENTS 1 MAXEXTENTS 2147483645
  PCTINCREASE 0 FREELISTS 1 FREELIST GROUPS 1 BUFFER_POOL DEFAULT FLASH_CACHE DEFAULT CELL_FLASH_CACHE DEFAULT)
  TABLESPACE "USERS" ;
--------------------------------------------------------
--  DDL for Table RENCONTRES
--------------------------------------------------------

  CREATE TABLE "AIR2JAVA"."RENCONTRES" 
   (	"ID_RENCONTRE" NUMBER(2,0), 
	"ID_INDIVIDU" NUMBER(2,0), 
	"NOM" VARCHAR2(32 BYTE), 
	"DATE_DEBUT" DATE, 
	"DATE_FIN" DATE, 
	"PERIODICITE" DATE, 
	"NB_PERSONNES" NUMBER(2,0)
   ) SEGMENT CREATION IMMEDIATE 
  PCTFREE 10 PCTUSED 40 INITRANS 1 MAXTRANS 255 NOCOMPRESS LOGGING
  STORAGE(INITIAL 65536 NEXT 1048576 MINEXTENTS 1 MAXEXTENTS 2147483645
  PCTINCREASE 0 FREELISTS 1 FREELIST GROUPS 1 BUFFER_POOL DEFAULT FLASH_CACHE DEFAULT CELL_FLASH_CACHE DEFAULT)
  TABLESPACE "USERS" ;
--------------------------------------------------------
--  DDL for Table REPRESENTE_PAYS
--------------------------------------------------------

  CREATE TABLE "AIR2JAVA"."REPRESENTE_PAYS" 
   (	"ID_GROUPE" NUMBER(2,0), 
	"ID_PAYS" NUMBER(2,0)
   ) SEGMENT CREATION IMMEDIATE 
  PCTFREE 10 PCTUSED 40 INITRANS 1 MAXTRANS 255 NOCOMPRESS LOGGING
  STORAGE(INITIAL 65536 NEXT 1048576 MINEXTENTS 1 MAXEXTENTS 2147483645
  PCTINCREASE 0 FREELISTS 1 FREELIST GROUPS 1 BUFFER_POOL DEFAULT FLASH_CACHE DEFAULT CELL_FLASH_CACHE DEFAULT)
  TABLESPACE "USERS" ;
--------------------------------------------------------
--  DDL for Table REPRESENTE_REGION
--------------------------------------------------------

  CREATE TABLE "AIR2JAVA"."REPRESENTE_REGION" 
   (	"ID_GROUPE" NUMBER(2,0), 
	"ID_REGION" NUMBER(2,0)
   ) SEGMENT CREATION IMMEDIATE 
  PCTFREE 10 PCTUSED 40 INITRANS 1 MAXTRANS 255 NOCOMPRESS LOGGING
  STORAGE(INITIAL 65536 NEXT 1048576 MINEXTENTS 1 MAXEXTENTS 2147483645
  PCTINCREASE 0 FREELISTS 1 FREELIST GROUPS 1 BUFFER_POOL DEFAULT FLASH_CACHE DEFAULT CELL_FLASH_CACHE DEFAULT)
  TABLESPACE "USERS" ;
--------------------------------------------------------
--  DDL for Table RESPONSABILITE
--------------------------------------------------------

  CREATE TABLE "AIR2JAVA"."RESPONSABILITE" 
   (	"ID_RESPONSABILITE" NUMBER(2,0), 
	"ID_INDIVIDU" NUMBER(2,0), 
	"ID_GROUPE" NUMBER(2,0), 
	"RESPONSABILITE_LABEL" VARCHAR2(32 BYTE)
   ) SEGMENT CREATION IMMEDIATE 
  PCTFREE 10 PCTUSED 40 INITRANS 1 MAXTRANS 255 NOCOMPRESS LOGGING
  STORAGE(INITIAL 65536 NEXT 1048576 MINEXTENTS 1 MAXEXTENTS 2147483645
  PCTINCREASE 0 FREELISTS 1 FREELIST GROUPS 1 BUFFER_POOL DEFAULT FLASH_CACHE DEFAULT CELL_FLASH_CACHE DEFAULT)
  TABLESPACE "USERS" ;
--------------------------------------------------------
--  DDL for Table RESPONSABILITES
--------------------------------------------------------

  CREATE TABLE "AIR2JAVA"."RESPONSABILITES" 
   (	"ID_RESPONSABILITE" NUMBER(2,0), 
	"RESPONSABILITE_LABEL" VARCHAR2(32 BYTE)
   ) SEGMENT CREATION IMMEDIATE 
  PCTFREE 10 PCTUSED 40 INITRANS 1 MAXTRANS 255 NOCOMPRESS LOGGING
  STORAGE(INITIAL 65536 NEXT 1048576 MINEXTENTS 1 MAXEXTENTS 2147483645
  PCTINCREASE 0 FREELISTS 1 FREELIST GROUPS 1 BUFFER_POOL DEFAULT FLASH_CACHE DEFAULT CELL_FLASH_CACHE DEFAULT)
  TABLESPACE "USERS" ;
--------------------------------------------------------
--  DDL for Table SE_COMPOSE_DE
--------------------------------------------------------

  CREATE TABLE "AIR2JAVA"."SE_COMPOSE_DE" 
   (	"ID_OEUVRE" NUMBER(32,0), 
	"ID_PROGRAMME" NUMBER(2,0), 
	"DUREE_PREVUE" DATE
   ) SEGMENT CREATION IMMEDIATE 
  PCTFREE 10 PCTUSED 40 INITRANS 1 MAXTRANS 255 NOCOMPRESS LOGGING
  STORAGE(INITIAL 65536 NEXT 1048576 MINEXTENTS 1 MAXEXTENTS 2147483645
  PCTINCREASE 0 FREELISTS 1 FREELIST GROUPS 1 BUFFER_POOL DEFAULT FLASH_CACHE DEFAULT CELL_FLASH_CACHE DEFAULT)
  TABLESPACE "USERS" ;
--------------------------------------------------------
--  DDL for Table SE_DEROULE
--------------------------------------------------------

  CREATE TABLE "AIR2JAVA"."SE_DEROULE" 
   (	"ID_RENCONTRE" NUMBER(2,0), 
	"ID_LIEU" NUMBER(2,0)
   ) SEGMENT CREATION IMMEDIATE 
  PCTFREE 10 PCTUSED 40 INITRANS 1 MAXTRANS 255 NOCOMPRESS LOGGING
  STORAGE(INITIAL 65536 NEXT 1048576 MINEXTENTS 1 MAXEXTENTS 2147483645
  PCTINCREASE 0 FREELISTS 1 FREELIST GROUPS 1 BUFFER_POOL DEFAULT FLASH_CACHE DEFAULT CELL_FLASH_CACHE DEFAULT)
  TABLESPACE "USERS" ;
--------------------------------------------------------
--  DDL for Table SPECIALITE
--------------------------------------------------------

  CREATE TABLE "AIR2JAVA"."SPECIALITE" 
   (	"ID_SPECIALITE" NUMBER(2,0), 
	"NOM_SP…CIALITE" VARCHAR2(32 BYTE)
   ) SEGMENT CREATION IMMEDIATE 
  PCTFREE 10 PCTUSED 40 INITRANS 1 MAXTRANS 255 NOCOMPRESS LOGGING
  STORAGE(INITIAL 65536 NEXT 1048576 MINEXTENTS 1 MAXEXTENTS 2147483645
  PCTINCREASE 0 FREELISTS 1 FREELIST GROUPS 1 BUFFER_POOL DEFAULT FLASH_CACHE DEFAULT CELL_FLASH_CACHE DEFAULT)
  TABLESPACE "USERS" ;
--------------------------------------------------------
--  DDL for Table SPECIALITES
--------------------------------------------------------

  CREATE TABLE "AIR2JAVA"."SPECIALITES" 
   (	"ID_SPECIALITE" NUMBER(2,0), 
	"SPECIALITE_LABEL" VARCHAR2(32 BYTE)
   ) SEGMENT CREATION IMMEDIATE 
  PCTFREE 10 PCTUSED 40 INITRANS 1 MAXTRANS 255 NOCOMPRESS LOGGING
  STORAGE(INITIAL 65536 NEXT 1048576 MINEXTENTS 1 MAXEXTENTS 2147483645
  PCTINCREASE 0 FREELISTS 1 FREELIST GROUPS 1 BUFFER_POOL DEFAULT FLASH_CACHE DEFAULT CELL_FLASH_CACHE DEFAULT)
  TABLESPACE "USERS" ;
--------------------------------------------------------
--  DDL for Table TELEPHONES
--------------------------------------------------------

  CREATE TABLE "AIR2JAVA"."TELEPHONES" 
   (	"ID_TELEPHONE" NUMBER(2,0), 
	"NUM_TELEPHONE" VARCHAR2(15 BYTE)
   ) SEGMENT CREATION IMMEDIATE 
  PCTFREE 10 PCTUSED 40 INITRANS 1 MAXTRANS 255 NOCOMPRESS LOGGING
  STORAGE(INITIAL 65536 NEXT 1048576 MINEXTENTS 1 MAXEXTENTS 2147483645
  PCTINCREASE 0 FREELISTS 1 FREELIST GROUPS 1 BUFFER_POOL DEFAULT FLASH_CACHE DEFAULT CELL_FLASH_CACHE DEFAULT)
  TABLESPACE "USERS" ;
--------------------------------------------------------
--  DDL for Table TELEPHONETYPES
--------------------------------------------------------

  CREATE TABLE "AIR2JAVA"."TELEPHONETYPES" 
   (	"ID_TELTYPE" NUMBER(2,0), 
	"TELTYPE_LABEL" VARCHAR2(20 BYTE), 
	"TELTYPE_USAGE" VARCHAR2(128 BYTE)
   ) SEGMENT CREATION IMMEDIATE 
  PCTFREE 10 PCTUSED 40 INITRANS 1 MAXTRANS 255 NOCOMPRESS LOGGING
  STORAGE(INITIAL 65536 NEXT 1048576 MINEXTENTS 1 MAXEXTENTS 2147483645
  PCTINCREASE 0 FREELISTS 1 FREELIST GROUPS 1 BUFFER_POOL DEFAULT FLASH_CACHE DEFAULT CELL_FLASH_CACHE DEFAULT)
  TABLESPACE "USERS" ;

   COMMENT ON TABLE "AIR2JAVA"."TELEPHONETYPES"  IS 'T√©l, Portable, fax, travail, domicile';
REM INSERTING into AIR2JAVA.ADRESSES
SET DEFINE OFF;
REM INSERTING into AIR2JAVA.ADRESSETYPES
SET DEFINE OFF;
REM INSERTING into AIR2JAVA.A_POUR_ADRESSE
SET DEFINE OFF;
REM INSERTING into AIR2JAVA.A_POUR_EMAIL
SET DEFINE OFF;
Insert into AIR2JAVA.A_POUR_EMAIL (ID_EMAIL,ID_INDIVIDU) values ('10','12');
Insert into AIR2JAVA.A_POUR_EMAIL (ID_EMAIL,ID_INDIVIDU) values ('11','13');
Insert into AIR2JAVA.A_POUR_EMAIL (ID_EMAIL,ID_INDIVIDU) values ('12','14');
Insert into AIR2JAVA.A_POUR_EMAIL (ID_EMAIL,ID_INDIVIDU) values ('13','15');
Insert into AIR2JAVA.A_POUR_EMAIL (ID_EMAIL,ID_INDIVIDU) values ('14','16');
Insert into AIR2JAVA.A_POUR_EMAIL (ID_EMAIL,ID_INDIVIDU) values ('15','17');
Insert into AIR2JAVA.A_POUR_EMAIL (ID_EMAIL,ID_INDIVIDU) values ('16','18');
Insert into AIR2JAVA.A_POUR_EMAIL (ID_EMAIL,ID_INDIVIDU) values ('17','19');
Insert into AIR2JAVA.A_POUR_EMAIL (ID_EMAIL,ID_INDIVIDU) values ('18','20');
Insert into AIR2JAVA.A_POUR_EMAIL (ID_EMAIL,ID_INDIVIDU) values ('19','21');
Insert into AIR2JAVA.A_POUR_EMAIL (ID_EMAIL,ID_INDIVIDU) values ('20','22');
Insert into AIR2JAVA.A_POUR_EMAIL (ID_EMAIL,ID_INDIVIDU) values ('21','23');
Insert into AIR2JAVA.A_POUR_EMAIL (ID_EMAIL,ID_INDIVIDU) values ('22','24');
Insert into AIR2JAVA.A_POUR_EMAIL (ID_EMAIL,ID_INDIVIDU) values ('23','25');
Insert into AIR2JAVA.A_POUR_EMAIL (ID_EMAIL,ID_INDIVIDU) values ('24','26');
Insert into AIR2JAVA.A_POUR_EMAIL (ID_EMAIL,ID_INDIVIDU) values ('25','27');
Insert into AIR2JAVA.A_POUR_EMAIL (ID_EMAIL,ID_INDIVIDU) values ('26','28');
Insert into AIR2JAVA.A_POUR_EMAIL (ID_EMAIL,ID_INDIVIDU) values ('27','29');
Insert into AIR2JAVA.A_POUR_EMAIL (ID_EMAIL,ID_INDIVIDU) values ('28','30');
Insert into AIR2JAVA.A_POUR_EMAIL (ID_EMAIL,ID_INDIVIDU) values ('29','31');
Insert into AIR2JAVA.A_POUR_EMAIL (ID_EMAIL,ID_INDIVIDU) values ('30','32');
Insert into AIR2JAVA.A_POUR_EMAIL (ID_EMAIL,ID_INDIVIDU) values ('31','33');
Insert into AIR2JAVA.A_POUR_EMAIL (ID_EMAIL,ID_INDIVIDU) values ('32','34');
Insert into AIR2JAVA.A_POUR_EMAIL (ID_EMAIL,ID_INDIVIDU) values ('33','35');
Insert into AIR2JAVA.A_POUR_EMAIL (ID_EMAIL,ID_INDIVIDU) values ('34','36');
Insert into AIR2JAVA.A_POUR_EMAIL (ID_EMAIL,ID_INDIVIDU) values ('35','37');
Insert into AIR2JAVA.A_POUR_EMAIL (ID_EMAIL,ID_INDIVIDU) values ('36','38');
Insert into AIR2JAVA.A_POUR_EMAIL (ID_EMAIL,ID_INDIVIDU) values ('37','39');
Insert into AIR2JAVA.A_POUR_EMAIL (ID_EMAIL,ID_INDIVIDU) values ('38','40');
Insert into AIR2JAVA.A_POUR_EMAIL (ID_EMAIL,ID_INDIVIDU) values ('39','41');
Insert into AIR2JAVA.A_POUR_EMAIL (ID_EMAIL,ID_INDIVIDU) values ('40','42');
Insert into AIR2JAVA.A_POUR_EMAIL (ID_EMAIL,ID_INDIVIDU) values ('41','43');
Insert into AIR2JAVA.A_POUR_EMAIL (ID_EMAIL,ID_INDIVIDU) values ('42','44');
Insert into AIR2JAVA.A_POUR_EMAIL (ID_EMAIL,ID_INDIVIDU) values ('43','45');
Insert into AIR2JAVA.A_POUR_EMAIL (ID_EMAIL,ID_INDIVIDU) values ('44','46');
Insert into AIR2JAVA.A_POUR_EMAIL (ID_EMAIL,ID_INDIVIDU) values ('45','47');
Insert into AIR2JAVA.A_POUR_EMAIL (ID_EMAIL,ID_INDIVIDU) values ('46','48');
Insert into AIR2JAVA.A_POUR_EMAIL (ID_EMAIL,ID_INDIVIDU) values ('47','49');
Insert into AIR2JAVA.A_POUR_EMAIL (ID_EMAIL,ID_INDIVIDU) values ('48','50');
Insert into AIR2JAVA.A_POUR_EMAIL (ID_EMAIL,ID_INDIVIDU) values ('49','51');
Insert into AIR2JAVA.A_POUR_EMAIL (ID_EMAIL,ID_INDIVIDU) values ('50','52');
Insert into AIR2JAVA.A_POUR_EMAIL (ID_EMAIL,ID_INDIVIDU) values ('51','53');
Insert into AIR2JAVA.A_POUR_EMAIL (ID_EMAIL,ID_INDIVIDU) values ('52','54');
Insert into AIR2JAVA.A_POUR_EMAIL (ID_EMAIL,ID_INDIVIDU) values ('53','55');
Insert into AIR2JAVA.A_POUR_EMAIL (ID_EMAIL,ID_INDIVIDU) values ('54','56');
Insert into AIR2JAVA.A_POUR_EMAIL (ID_EMAIL,ID_INDIVIDU) values ('55','57');
Insert into AIR2JAVA.A_POUR_EMAIL (ID_EMAIL,ID_INDIVIDU) values ('56','58');
Insert into AIR2JAVA.A_POUR_EMAIL (ID_EMAIL,ID_INDIVIDU) values ('57','59');
Insert into AIR2JAVA.A_POUR_EMAIL (ID_EMAIL,ID_INDIVIDU) values ('58','60');
Insert into AIR2JAVA.A_POUR_EMAIL (ID_EMAIL,ID_INDIVIDU) values ('59','61');
Insert into AIR2JAVA.A_POUR_EMAIL (ID_EMAIL,ID_INDIVIDU) values ('60','62');
Insert into AIR2JAVA.A_POUR_EMAIL (ID_EMAIL,ID_INDIVIDU) values ('61','63');
REM INSERTING into AIR2JAVA.A_POUR_TEL
SET DEFINE OFF;
Insert into AIR2JAVA.A_POUR_TEL (ID_INDIVIDU,ID_TELEPHONE,ID_TELTYPE) values ('12','11','11');
Insert into AIR2JAVA.A_POUR_TEL (ID_INDIVIDU,ID_TELEPHONE,ID_TELTYPE) values ('13','12','11');
Insert into AIR2JAVA.A_POUR_TEL (ID_INDIVIDU,ID_TELEPHONE,ID_TELTYPE) values ('13','13','21');
Insert into AIR2JAVA.A_POUR_TEL (ID_INDIVIDU,ID_TELEPHONE,ID_TELTYPE) values ('14','14','11');
Insert into AIR2JAVA.A_POUR_TEL (ID_INDIVIDU,ID_TELEPHONE,ID_TELTYPE) values ('15','15','11');
Insert into AIR2JAVA.A_POUR_TEL (ID_INDIVIDU,ID_TELEPHONE,ID_TELTYPE) values ('16','16','12');
Insert into AIR2JAVA.A_POUR_TEL (ID_INDIVIDU,ID_TELEPHONE,ID_TELTYPE) values ('17','17','11');
Insert into AIR2JAVA.A_POUR_TEL (ID_INDIVIDU,ID_TELEPHONE,ID_TELTYPE) values ('17','18','12');
Insert into AIR2JAVA.A_POUR_TEL (ID_INDIVIDU,ID_TELEPHONE,ID_TELTYPE) values ('17','19','21');
Insert into AIR2JAVA.A_POUR_TEL (ID_INDIVIDU,ID_TELEPHONE,ID_TELTYPE) values ('17','20','23');
Insert into AIR2JAVA.A_POUR_TEL (ID_INDIVIDU,ID_TELEPHONE,ID_TELTYPE) values ('18','21','11');
Insert into AIR2JAVA.A_POUR_TEL (ID_INDIVIDU,ID_TELEPHONE,ID_TELTYPE) values ('19','22','11');
Insert into AIR2JAVA.A_POUR_TEL (ID_INDIVIDU,ID_TELEPHONE,ID_TELTYPE) values ('20','23','11');
Insert into AIR2JAVA.A_POUR_TEL (ID_INDIVIDU,ID_TELEPHONE,ID_TELTYPE) values ('21','24','21');
Insert into AIR2JAVA.A_POUR_TEL (ID_INDIVIDU,ID_TELEPHONE,ID_TELTYPE) values ('21','25','23');
Insert into AIR2JAVA.A_POUR_TEL (ID_INDIVIDU,ID_TELEPHONE,ID_TELTYPE) values ('21','26','22');
Insert into AIR2JAVA.A_POUR_TEL (ID_INDIVIDU,ID_TELEPHONE,ID_TELTYPE) values ('22','27','11');
Insert into AIR2JAVA.A_POUR_TEL (ID_INDIVIDU,ID_TELEPHONE,ID_TELTYPE) values ('23','28','11');
Insert into AIR2JAVA.A_POUR_TEL (ID_INDIVIDU,ID_TELEPHONE,ID_TELTYPE) values ('24','29','11');
Insert into AIR2JAVA.A_POUR_TEL (ID_INDIVIDU,ID_TELEPHONE,ID_TELTYPE) values ('24','30','12');
Insert into AIR2JAVA.A_POUR_TEL (ID_INDIVIDU,ID_TELEPHONE,ID_TELTYPE) values ('25','31','12');
Insert into AIR2JAVA.A_POUR_TEL (ID_INDIVIDU,ID_TELEPHONE,ID_TELTYPE) values ('26','32','11');
Insert into AIR2JAVA.A_POUR_TEL (ID_INDIVIDU,ID_TELEPHONE,ID_TELTYPE) values ('27','33','12');
Insert into AIR2JAVA.A_POUR_TEL (ID_INDIVIDU,ID_TELEPHONE,ID_TELTYPE) values ('27','34','21');
Insert into AIR2JAVA.A_POUR_TEL (ID_INDIVIDU,ID_TELEPHONE,ID_TELTYPE) values ('27','35','23');
Insert into AIR2JAVA.A_POUR_TEL (ID_INDIVIDU,ID_TELEPHONE,ID_TELTYPE) values ('27','36','11');
Insert into AIR2JAVA.A_POUR_TEL (ID_INDIVIDU,ID_TELEPHONE,ID_TELTYPE) values ('28','37','21');
Insert into AIR2JAVA.A_POUR_TEL (ID_INDIVIDU,ID_TELEPHONE,ID_TELTYPE) values ('29','38','21');
Insert into AIR2JAVA.A_POUR_TEL (ID_INDIVIDU,ID_TELEPHONE,ID_TELTYPE) values ('30','39','12');
Insert into AIR2JAVA.A_POUR_TEL (ID_INDIVIDU,ID_TELEPHONE,ID_TELTYPE) values ('31','40','12');
Insert into AIR2JAVA.A_POUR_TEL (ID_INDIVIDU,ID_TELEPHONE,ID_TELTYPE) values ('32','41','11');
Insert into AIR2JAVA.A_POUR_TEL (ID_INDIVIDU,ID_TELEPHONE,ID_TELTYPE) values ('32','42','12');
Insert into AIR2JAVA.A_POUR_TEL (ID_INDIVIDU,ID_TELEPHONE,ID_TELTYPE) values ('32','43','21');
Insert into AIR2JAVA.A_POUR_TEL (ID_INDIVIDU,ID_TELEPHONE,ID_TELTYPE) values ('32','44','23');
Insert into AIR2JAVA.A_POUR_TEL (ID_INDIVIDU,ID_TELEPHONE,ID_TELTYPE) values ('33','45','22');
Insert into AIR2JAVA.A_POUR_TEL (ID_INDIVIDU,ID_TELEPHONE,ID_TELTYPE) values ('34','46','21');
Insert into AIR2JAVA.A_POUR_TEL (ID_INDIVIDU,ID_TELEPHONE,ID_TELTYPE) values ('35','47','21');
Insert into AIR2JAVA.A_POUR_TEL (ID_INDIVIDU,ID_TELEPHONE,ID_TELTYPE) values ('36','48','12');
Insert into AIR2JAVA.A_POUR_TEL (ID_INDIVIDU,ID_TELEPHONE,ID_TELTYPE) values ('36','49','23');
Insert into AIR2JAVA.A_POUR_TEL (ID_INDIVIDU,ID_TELEPHONE,ID_TELTYPE) values ('37','50','21');
Insert into AIR2JAVA.A_POUR_TEL (ID_INDIVIDU,ID_TELEPHONE,ID_TELTYPE) values ('38','51','21');
Insert into AIR2JAVA.A_POUR_TEL (ID_INDIVIDU,ID_TELEPHONE,ID_TELTYPE) values ('39','52','12');
Insert into AIR2JAVA.A_POUR_TEL (ID_INDIVIDU,ID_TELEPHONE,ID_TELTYPE) values ('40','53','12');
Insert into AIR2JAVA.A_POUR_TEL (ID_INDIVIDU,ID_TELEPHONE,ID_TELTYPE) values ('41','54','12');
Insert into AIR2JAVA.A_POUR_TEL (ID_INDIVIDU,ID_TELEPHONE,ID_TELTYPE) values ('41','55','21');
Insert into AIR2JAVA.A_POUR_TEL (ID_INDIVIDU,ID_TELEPHONE,ID_TELTYPE) values ('41','56','23');
Insert into AIR2JAVA.A_POUR_TEL (ID_INDIVIDU,ID_TELEPHONE,ID_TELTYPE) values ('42','57','23');
Insert into AIR2JAVA.A_POUR_TEL (ID_INDIVIDU,ID_TELEPHONE,ID_TELTYPE) values ('42','58','21');
Insert into AIR2JAVA.A_POUR_TEL (ID_INDIVIDU,ID_TELEPHONE,ID_TELTYPE) values ('43','59','12');
Insert into AIR2JAVA.A_POUR_TEL (ID_INDIVIDU,ID_TELEPHONE,ID_TELTYPE) values ('44','60','12');
Insert into AIR2JAVA.A_POUR_TEL (ID_INDIVIDU,ID_TELEPHONE,ID_TELTYPE) values ('45','61','21');
Insert into AIR2JAVA.A_POUR_TEL (ID_INDIVIDU,ID_TELEPHONE,ID_TELTYPE) values ('46','62','12');
Insert into AIR2JAVA.A_POUR_TEL (ID_INDIVIDU,ID_TELEPHONE,ID_TELTYPE) values ('47','34','21');
Insert into AIR2JAVA.A_POUR_TEL (ID_INDIVIDU,ID_TELEPHONE,ID_TELTYPE) values ('47','37','23');
Insert into AIR2JAVA.A_POUR_TEL (ID_INDIVIDU,ID_TELEPHONE,ID_TELTYPE) values ('48','45','21');
Insert into AIR2JAVA.A_POUR_TEL (ID_INDIVIDU,ID_TELEPHONE,ID_TELTYPE) values ('49','43','12');
Insert into AIR2JAVA.A_POUR_TEL (ID_INDIVIDU,ID_TELEPHONE,ID_TELTYPE) values ('50','16','12');
Insert into AIR2JAVA.A_POUR_TEL (ID_INDIVIDU,ID_TELEPHONE,ID_TELTYPE) values ('51','18','12');
Insert into AIR2JAVA.A_POUR_TEL (ID_INDIVIDU,ID_TELEPHONE,ID_TELTYPE) values ('52','52','12');
Insert into AIR2JAVA.A_POUR_TEL (ID_INDIVIDU,ID_TELEPHONE,ID_TELTYPE) values ('52','61','12');
Insert into AIR2JAVA.A_POUR_TEL (ID_INDIVIDU,ID_TELEPHONE,ID_TELTYPE) values ('53','49','12');
Insert into AIR2JAVA.A_POUR_TEL (ID_INDIVIDU,ID_TELEPHONE,ID_TELTYPE) values ('54','35','12');
Insert into AIR2JAVA.A_POUR_TEL (ID_INDIVIDU,ID_TELEPHONE,ID_TELTYPE) values ('55','45','12');
Insert into AIR2JAVA.A_POUR_TEL (ID_INDIVIDU,ID_TELEPHONE,ID_TELTYPE) values ('56','43','12');
Insert into AIR2JAVA.A_POUR_TEL (ID_INDIVIDU,ID_TELEPHONE,ID_TELTYPE) values ('57','28','12');
Insert into AIR2JAVA.A_POUR_TEL (ID_INDIVIDU,ID_TELEPHONE,ID_TELTYPE) values ('58','24','12');
Insert into AIR2JAVA.A_POUR_TEL (ID_INDIVIDU,ID_TELEPHONE,ID_TELTYPE) values ('59','22','12');
Insert into AIR2JAVA.A_POUR_TEL (ID_INDIVIDU,ID_TELEPHONE,ID_TELTYPE) values ('60','18','12');
Insert into AIR2JAVA.A_POUR_TEL (ID_INDIVIDU,ID_TELEPHONE,ID_TELTYPE) values ('61','14','12');
Insert into AIR2JAVA.A_POUR_TEL (ID_INDIVIDU,ID_TELEPHONE,ID_TELTYPE) values ('62','19','23');
Insert into AIR2JAVA.A_POUR_TEL (ID_INDIVIDU,ID_TELEPHONE,ID_TELTYPE) values ('63','27','22');
Insert into AIR2JAVA.A_POUR_TEL (ID_INDIVIDU,ID_TELEPHONE,ID_TELTYPE) values ('63','54','21');
Insert into AIR2JAVA.A_POUR_TEL (ID_INDIVIDU,ID_TELEPHONE,ID_TELTYPE) values ('63','55','11');
REM INSERTING into AIR2JAVA.CIVILITES
SET DEFINE OFF;
Insert into AIR2JAVA.CIVILITES (ID_CIVILITE,CIVILITE_ABRV,CIVILITE_LABEL,CIVILITE_USAGE) values ('0','Abr√©viation','Titre','Usage');
Insert into AIR2JAVA.CIVILITES (ID_CIVILITE,CIVILITE_ABRV,CIVILITE_LABEL,CIVILITE_USAGE) values ('11','M.','Monsieur','Pour toute personne de sexe masculin.');
Insert into AIR2JAVA.CIVILITES (ID_CIVILITE,CIVILITE_ABRV,CIVILITE_LABEL,CIVILITE_USAGE) values ('12','MM','Messieurs','Pour tout groupe de personnes de sexe masculin.');
Insert into AIR2JAVA.CIVILITES (ID_CIVILITE,CIVILITE_ABRV,CIVILITE_LABEL,CIVILITE_USAGE) values ('13','Mme','Madame','Pour toute personne de sexe f√©minin.');
Insert into AIR2JAVA.CIVILITES (ID_CIVILITE,CIVILITE_ABRV,CIVILITE_LABEL,CIVILITE_USAGE) values ('14','Mmes','Mesdames','Pour tout groupe de personnes de sexe f√©minin.');
Insert into AIR2JAVA.CIVILITES (ID_CIVILITE,CIVILITE_ABRV,CIVILITE_LABEL,CIVILITE_USAGE) values ('15','Mlle','Mademoiselle','plus en usage officiel (26/12/2012) personne de sexe f√©minin non mari√©e.');
Insert into AIR2JAVA.CIVILITES (ID_CIVILITE,CIVILITE_ABRV,CIVILITE_LABEL,CIVILITE_USAGE) values ('16','Mlles','Mesdemoiselles','Groupe de personnes de sexe f√©minin non mari√©es.');
Insert into AIR2JAVA.CIVILITES (ID_CIVILITE,CIVILITE_ABRV,CIVILITE_LABEL,CIVILITE_USAGE) values ('17','ve','Veuve','Pour toute personne de sexe f√©minin dont √©poux est d√©c√©d√©.');
Insert into AIR2JAVA.CIVILITES (ID_CIVILITE,CIVILITE_ABRV,CIVILITE_LABEL,CIVILITE_USAGE) values ('18','Dr','Docteur','Pour toute personne poss√©dant un doctorat.');
Insert into AIR2JAVA.CIVILITES (ID_CIVILITE,CIVILITE_ABRV,CIVILITE_LABEL,CIVILITE_USAGE) values ('19','Drs','Docteurs','Pour tout groupe de personnes poss√©dant un doctorat.');
Insert into AIR2JAVA.CIVILITES (ID_CIVILITE,CIVILITE_ABRV,CIVILITE_LABEL,CIVILITE_USAGE) values ('20','Me.','Ma√Ætre','Pour toute personne exer√ßant les m√©tiers juridiques suivant : Avocat, avocat au Conseil d √âtat et √† la Cour de cassation, avou√©, notaire, huissier de justice, commissaire-priseur judiciaire, mandataire et liquidateur judiciaire.');
Insert into AIR2JAVA.CIVILITES (ID_CIVILITE,CIVILITE_ABRV,CIVILITE_LABEL,CIVILITE_USAGE) values ('22','Pr','Professeur','Pour toute personne exer√ßant les fonctions de Professeur des universit√©s ou de Professeur des universit√©s - Praticien hospitalier (titres r√©glement√©s).');
Insert into AIR2JAVA.CIVILITES (ID_CIVILITE,CIVILITE_ABRV,CIVILITE_LABEL,CIVILITE_USAGE) values ('23','Prs','Professeurs','Pour tout groupe de personne exer√ßant les fonctions de Professeur des universit√©s ou de Professeur des universit√©s - Praticien hospitalier (titres r√©glement√©s).');
Insert into AIR2JAVA.CIVILITES (ID_CIVILITE,CIVILITE_ABRV,CIVILITE_LABEL,CIVILITE_USAGE) values ('24','Ir.','Ing√©nieur Civil (Belgique)','Pour toute personne poss√©dant un dipl√¥me Ing√©nieur civil ou ing√©nieur agronome.');
Insert into AIR2JAVA.CIVILITES (ID_CIVILITE,CIVILITE_ABRV,CIVILITE_LABEL,CIVILITE_USAGE) values ('25','Ing.','Ing√©nieur Industriel (Belgique)','Pour toute personne podd√©dant un dipl√¥me d Ing√©nieur industriel.');
Insert into AIR2JAVA.CIVILITES (ID_CIVILITE,CIVILITE_ABRV,CIVILITE_LABEL,CIVILITE_USAGE) values ('26',null,'Duc','Pour toute personne de sexe masculin poss√©dant le pouvoir de direction sur un duch√©, √©tant mari√© √† une duchesse ou h√©ritant ce titre d un anc√™tre.');
Insert into AIR2JAVA.CIVILITES (ID_CIVILITE,CIVILITE_ABRV,CIVILITE_LABEL,CIVILITE_USAGE) values ('27',null,'Duchesse','Pour toute personne de sexe f√©minin poss√©dant le pouvoir de direction sur un duch√©, √©tant mari√©e √† un duc ou h√©ritant ce titre d un anc√™tre.');
Insert into AIR2JAVA.CIVILITES (ID_CIVILITE,CIVILITE_ABRV,CIVILITE_LABEL,CIVILITE_USAGE) values ('28','Mi<sup>s</sup>','Marquis','Pour toute personne de sexe masculin poss√©dant le pouvoir de direction sur un marquisat, √©tant mari√© √† une marquise ou h√©ritant ce titre d un anc√™tre.');
Insert into AIR2JAVA.CIVILITES (ID_CIVILITE,CIVILITE_ABRV,CIVILITE_LABEL,CIVILITE_USAGE) values ('29','Mi<sup>se</sup>','Marquise','Pour toute personne de sexe f√©minin poss√©dant le pouvoir de direction sur un marquisat, √©tant mari√©e √† un marquis, √©tant ma√Ætresse de Louis XIV ou Louis XV ou h√©ritant ce titre d un anc√™tre.');
Insert into AIR2JAVA.CIVILITES (ID_CIVILITE,CIVILITE_ABRV,CIVILITE_LABEL,CIVILITE_USAGE) values ('30','V<sup>tesse</sup>','Vicomtesse','Pour toute personne de sexe f√©minin poss√©dant le pouvoir de direction sur un vicomt√©, √©tant mari√©e √† un vicomte ou h√©ritant ce titre d un anc√™tre.');
Insert into AIR2JAVA.CIVILITES (ID_CIVILITE,CIVILITE_ABRV,CIVILITE_LABEL,CIVILITE_USAGE) values ('31','B<sup>on</sup>','Baron','Pour toute personne de sexe masculin poss√©dant le pouvoir de direction sur une baronnie, √©tant mari√© √† une baronne ou h√©ritant ce titre d un anc√™tre.');
Insert into AIR2JAVA.CIVILITES (ID_CIVILITE,CIVILITE_ABRV,CIVILITE_LABEL,CIVILITE_USAGE) values ('32','B<sup>onne</sup>','Baronne','Pour toute personne de sexe f√©minin poss√©dant le pouvoir de direction sur une baronnie, √©tant mari√©e √† un baron ou h√©ritant ce titre d un anc√™tre.');
Insert into AIR2JAVA.CIVILITES (ID_CIVILITE,CIVILITE_ABRV,CIVILITE_LABEL,CIVILITE_USAGE) values ('33','Sgr','Seigneur','Pour toute personne de sexe masculin poss√©dant le pouvoir de direction sur une seigneurie, √©tant mari√© √† une dame ou h√©ritant ce titre d un anc√™tre.');
Insert into AIR2JAVA.CIVILITES (ID_CIVILITE,CIVILITE_ABRV,CIVILITE_LABEL,CIVILITE_USAGE) values ('34',null,'Dame','Pour toute personne de sexe f√©minin poss√©dant le pouvoir de direction sur une seigneurie, √©tant mari√©e √† un seigneur ou h√©ritant ce titre d un anc√™tre.');
Insert into AIR2JAVA.CIVILITES (ID_CIVILITE,CIVILITE_ABRV,CIVILITE_LABEL,CIVILITE_USAGE) values ('35',null,'Messire','Pour les personnes de sexe masculin h√©ritant du titre d √©cuyer du Moyen √Çge.');
Insert into AIR2JAVA.CIVILITES (ID_CIVILITE,CIVILITE_ABRV,CIVILITE_LABEL,CIVILITE_USAGE) values ('36',null,'Sir','Pour les personnes de sexe masculin distingu√©es au Royaume-Uni par Sa Majest√© la Reine d Angleterre.');
Insert into AIR2JAVA.CIVILITES (ID_CIVILITE,CIVILITE_ABRV,CIVILITE_LABEL,CIVILITE_USAGE) values ('37',null,'Lady','Pour les personnes de sexe f√©minin distingu√©es au Royaume-Uni par Sa Majest√© la Reine d Angleterre.');
Insert into AIR2JAVA.CIVILITES (ID_CIVILITE,CIVILITE_ABRV,CIVILITE_LABEL,CIVILITE_USAGE) values ('38',null,'Lord','Pour les personnes de sexe masculin anoblies au Royaume-Uni.');
Insert into AIR2JAVA.CIVILITES (ID_CIVILITE,CIVILITE_ABRV,CIVILITE_LABEL,CIVILITE_USAGE) values ('39',null,'√âmir','Pour les personnes de sexe masculin disposant du pouvoir sur un √©mirat.');
Insert into AIR2JAVA.CIVILITES (ID_CIVILITE,CIVILITE_ABRV,CIVILITE_LABEL,CIVILITE_USAGE) values ('40',null,'√âmira','Pour les personnes de sexe f√©minin mari√©es √† un √©mir.');
Insert into AIR2JAVA.CIVILITES (ID_CIVILITE,CIVILITE_ABRV,CIVILITE_LABEL,CIVILITE_USAGE) values ('41',null,'Cheikh','Pour les personnes de sexe masculin respect√©es pour leur grand √¢ge ou leurs connaissances scientifiques ou culturelles.');
Insert into AIR2JAVA.CIVILITES (ID_CIVILITE,CIVILITE_ABRV,CIVILITE_LABEL,CIVILITE_USAGE) values ('42',null,'Cheykha','Pour les personnes de sexe f√©minin mari√©es √† un cheikh.');
Insert into AIR2JAVA.CIVILITES (ID_CIVILITE,CIVILITE_ABRV,CIVILITE_LABEL,CIVILITE_USAGE) values ('43',null,'Bey','Pour les personnes de sexe masculin disposant du pouvoir sur un beylicat.');
Insert into AIR2JAVA.CIVILITES (ID_CIVILITE,CIVILITE_ABRV,CIVILITE_LABEL,CIVILITE_USAGE) values ('44',null,'Calife','Pour les personnes de sexe masculin disposant du pouvoir sur un califat.');
Insert into AIR2JAVA.CIVILITES (ID_CIVILITE,CIVILITE_ABRV,CIVILITE_LABEL,CIVILITE_USAGE) values ('45',null,'Hadjib','Pour les personnes de sexe masculin qui peuvent exercer les fonctions de chef de gouvernement, ma√Ætre de c√©r√©monie, chambellan, huissier, etc...');
Insert into AIR2JAVA.CIVILITES (ID_CIVILITE,CIVILITE_ABRV,CIVILITE_LABEL,CIVILITE_USAGE) values ('46',null,'Nizam','Pour les personnes de sexe masculin disposant du pouvoir d administration d une r√©gion.');
Insert into AIR2JAVA.CIVILITES (ID_CIVILITE,CIVILITE_ABRV,CIVILITE_LABEL,CIVILITE_USAGE) values ('47',null,'Pervane','Pour les personnes de sexe masculin repr√©sentant l autorit√© des Mongols de Perse comme gouverneur.');
Insert into AIR2JAVA.CIVILITES (ID_CIVILITE,CIVILITE_ABRV,CIVILITE_LABEL,CIVILITE_USAGE) values ('48',null,'Sultan','Pour les personnes de sexe masculin disposant du pouvoir sur un sultanat.');
Insert into AIR2JAVA.CIVILITES (ID_CIVILITE,CIVILITE_ABRV,CIVILITE_LABEL,CIVILITE_USAGE) values ('49',null,'Vizir','Pour les personnes de sexe masculin servant de ministre, de conseiller aupr√®s de dirigeants musulmans.');
Insert into AIR2JAVA.CIVILITES (ID_CIVILITE,CIVILITE_ABRV,CIVILITE_LABEL,CIVILITE_USAGE) values ('50',null,'R√¢ja','Pour les personnes de sexe masculin disposant du pouvoir sur un territoire hindou.');
Insert into AIR2JAVA.CIVILITES (ID_CIVILITE,CIVILITE_ABRV,CIVILITE_LABEL,CIVILITE_USAGE) values ('51',null,'Rani','Pour les personnes de sexe f√©minin disposant du pouvoir sur un territoire hindou.');
Insert into AIR2JAVA.CIVILITES (ID_CIVILITE,CIVILITE_ABRV,CIVILITE_LABEL,CIVILITE_USAGE) values ('52','S.M.','Sa Majest√©','Pour les monarques exer√ßant les fonctions de roi, reine, prince souverain et sultan.');
Insert into AIR2JAVA.CIVILITES (ID_CIVILITE,CIVILITE_ABRV,CIVILITE_LABEL,CIVILITE_USAGE) values ('53','S.M.I.','Sa Majest√© Imp√©riale','Pour toutes les personnes exer√ßant les fonctions d empereur ou d imp√©ratrice.');
Insert into AIR2JAVA.CIVILITES (ID_CIVILITE,CIVILITE_ABRV,CIVILITE_LABEL,CIVILITE_USAGE) values ('54','S.Ex.','Son Excellence','Pour toutes les personnes exer√ßant les fonctions de pr√©sident d une r√©publique ou d ambassadeur.');
Insert into AIR2JAVA.CIVILITES (ID_CIVILITE,CIVILITE_ABRV,CIVILITE_LABEL,CIVILITE_USAGE) values ('55','S.A.R.','Son Altesse Royale','Pour le Grand-duc du Luxembourg.');
Insert into AIR2JAVA.CIVILITES (ID_CIVILITE,CIVILITE_ABRV,CIVILITE_LABEL,CIVILITE_USAGE) values ('56','S.A.','Son Altesse','Pour les princes, les princesses et les √©mirs souverains arabes.');
Insert into AIR2JAVA.CIVILITES (ID_CIVILITE,CIVILITE_ABRV,CIVILITE_LABEL,CIVILITE_USAGE) values ('57','S.A.S.','Son Altesse S√©r√©nissime','Pour les princes souverains des principaut√©s de Monaco et de Liechtenstein.');
Insert into AIR2JAVA.CIVILITES (ID_CIVILITE,CIVILITE_ABRV,CIVILITE_LABEL,CIVILITE_USAGE) values ('58','S.A.I.','Son Altesse Imp√©riale','Pour les princes et princesses issus d une famille imp√©riale.');
Insert into AIR2JAVA.CIVILITES (ID_CIVILITE,CIVILITE_ABRV,CIVILITE_LABEL,CIVILITE_USAGE) values ('59',null,'Shah','Pour les monarques masculins iraniens, perses et indiens.');
Insert into AIR2JAVA.CIVILITES (ID_CIVILITE,CIVILITE_ABRV,CIVILITE_LABEL,CIVILITE_USAGE) values ('60',null,'Malik','Pour les personnes de sexe masculin d√©sign√©es comme Roi ou R√©gent.');
Insert into AIR2JAVA.CIVILITES (ID_CIVILITE,CIVILITE_ABRV,CIVILITE_LABEL,CIVILITE_USAGE) values ('61',null,'Padishah','Pour les personnes de sexe masculin poss√©dant un pouvoir monarchique en Perse.');
Insert into AIR2JAVA.CIVILITES (ID_CIVILITE,CIVILITE_ABRV,CIVILITE_LABEL,CIVILITE_USAGE) values ('62','P.','P√®re','Pour les personnes de sexe masculin exer√ßant les fonctions de cur√© ou de pr√™tre.');
Insert into AIR2JAVA.CIVILITES (ID_CIVILITE,CIVILITE_ABRV,CIVILITE_LABEL,CIVILITE_USAGE) values ('63','R. P.','R√©v√©rend P√®re','Pour les personnes de sexe masculin exer√ßant les fonctions de pr√™tre religieux, d abb√©, de prieur ou de dirigeant d un monast√®re.');
Insert into AIR2JAVA.CIVILITES (ID_CIVILITE,CIVILITE_ABRV,CIVILITE_LABEL,CIVILITE_USAGE) values ('64',null,'M√®re','Pour les personnes de sexe f√©minin exer√ßant les fonctions de m√®re sup√©rieure d un couvent, de m√®re prieure ou de m√®re abbesse.');
Insert into AIR2JAVA.CIVILITES (ID_CIVILITE,CIVILITE_ABRV,CIVILITE_LABEL,CIVILITE_USAGE) values ('65','Fr.','Fr√®re','Pour les personnes de sexe masculin exer√ßant les fonctions de moine, de disciple ou d apprenti.');
Insert into AIR2JAVA.CIVILITES (ID_CIVILITE,CIVILITE_ABRV,CIVILITE_LABEL,CIVILITE_USAGE) values ('66','Sr.','Soeur','Pour les personnes de sexe f√©minin exer√ßant dans un couvent, une abbaye pour femmes, un prieur√© pour femmes ou assistant un cur√© dans une √©glise.');
Insert into AIR2JAVA.CIVILITES (ID_CIVILITE,CIVILITE_ABRV,CIVILITE_LABEL,CIVILITE_USAGE) values ('67',null,'R√©v√©rend','Pour les personnes de sexe masculin exer√ßant les fonctions de pasteur ou distingu√©es par un titre honorifique religieux.');
Insert into AIR2JAVA.CIVILITES (ID_CIVILITE,CIVILITE_ABRV,CIVILITE_LABEL,CIVILITE_USAGE) values ('68','Mgr','Monseigneur','Pour les personnes de sexe masculin exer√ßant les fonctions d √©v√™que ou d archev√™que.');
Insert into AIR2JAVA.CIVILITES (ID_CIVILITE,CIVILITE_ABRV,CIVILITE_LABEL,CIVILITE_USAGE) values ('69','S. E.','Son Excellence','Pour les personnes de sexe masculin exer√ßant les fonctions d √©v√™que ou d archev√™que.');
Insert into AIR2JAVA.CIVILITES (ID_CIVILITE,CIVILITE_ABRV,CIVILITE_LABEL,CIVILITE_USAGE) values ('70','Mgrs','Messeigneurs','Pour tout groupe de personnes de sexe masculin exer√ßant les fonctions d √©v√™que ou d archev√™que.');
Insert into AIR2JAVA.CIVILITES (ID_CIVILITE,CIVILITE_ABRV,CIVILITE_LABEL,CIVILITE_USAGE) values ('71','S. Em.','Son √âminence','Pour les personnes de sexe masculin exer√ßant la fonction de cardinal.');
Insert into AIR2JAVA.CIVILITES (ID_CIVILITE,CIVILITE_ABRV,CIVILITE_LABEL,CIVILITE_USAGE) values ('72','S. S.','Sa Saintet√©','Pour les personnes de sexe masculin exer√ßant la fonction de pape de l √âglise catholique romaine.');
REM INSERTING into AIR2JAVA.COMPOSE
SET DEFINE OFF;
REM INSERTING into AIR2JAVA.EMAILS
SET DEFINE OFF;
Insert into AIR2JAVA.EMAILS (ID_EMAIL,EMAIL_LABEL) values ('10','Astier.Amandine@aa.com');
Insert into AIR2JAVA.EMAILS (ID_EMAIL,EMAIL_LABEL) values ('11','Astier.Aurelien@aa.com');
Insert into AIR2JAVA.EMAILS (ID_EMAIL,EMAIL_LABEL) values ('12','Bourguignon.Bertrand@bb.com');
Insert into AIR2JAVA.EMAILS (ID_EMAIL,EMAIL_LABEL) values ('13','Bourguignon.Brigitte@bb.com');
Insert into AIR2JAVA.EMAILS (ID_EMAIL,EMAIL_LABEL) values ('14','Cartier.Cassandre@cc.com');
Insert into AIR2JAVA.EMAILS (ID_EMAIL,EMAIL_LABEL) values ('15','Cartier.Cyprien@cc.com');
Insert into AIR2JAVA.EMAILS (ID_EMAIL,EMAIL_LABEL) values ('16','Deschamps.Delphine@dd.com');
Insert into AIR2JAVA.EMAILS (ID_EMAIL,EMAIL_LABEL) values ('17','Deschamps.Dimitri@dd.com');
Insert into AIR2JAVA.EMAILS (ID_EMAIL,EMAIL_LABEL) values ('18','Dubois.Edouard@ee.com');
Insert into AIR2JAVA.EMAILS (ID_EMAIL,EMAIL_LABEL) values ('19','Dubois.Emmanuelle@ee.com');
Insert into AIR2JAVA.EMAILS (ID_EMAIL,EMAIL_LABEL) values ('20','Esnault.Fanny@ff.com');
Insert into AIR2JAVA.EMAILS (ID_EMAIL,EMAIL_LABEL) values ('21','Esnault.Francis@ff.com');
Insert into AIR2JAVA.EMAILS (ID_EMAIL,EMAIL_LABEL) values ('22','Fontaine.Gabin@gg.com');
Insert into AIR2JAVA.EMAILS (ID_EMAIL,EMAIL_LABEL) values ('23','Fontaine.Genevieve@gg.com');
Insert into AIR2JAVA.EMAILS (ID_EMAIL,EMAIL_LABEL) values ('24','Gicquel.Heloise@hh.com');
Insert into AIR2JAVA.EMAILS (ID_EMAIL,EMAIL_LABEL) values ('25','Gicquel.Hubert@hh.com');
Insert into AIR2JAVA.EMAILS (ID_EMAIL,EMAIL_LABEL) values ('26','Hernandez.Ingrid@ii.com');
Insert into AIR2JAVA.EMAILS (ID_EMAIL,EMAIL_LABEL) values ('27','Hernandez.Ivan@ii.com');
Insert into AIR2JAVA.EMAILS (ID_EMAIL,EMAIL_LABEL) values ('28','Jourdain.Jean-charles@jj.com');
Insert into AIR2JAVA.EMAILS (ID_EMAIL,EMAIL_LABEL) values ('29','Jourdain.Jeremy@jj.com');
Insert into AIR2JAVA.EMAILS (ID_EMAIL,EMAIL_LABEL) values ('30','Koch.Karine@kk.com');
Insert into AIR2JAVA.EMAILS (ID_EMAIL,EMAIL_LABEL) values ('31','Koch.Kevin@kk.com');
Insert into AIR2JAVA.EMAILS (ID_EMAIL,EMAIL_LABEL) values ('32','Lagrange.Laetitia@ll.com');
Insert into AIR2JAVA.EMAILS (ID_EMAIL,EMAIL_LABEL) values ('33','Lagrange.Louis@ll.com');
Insert into AIR2JAVA.EMAILS (ID_EMAIL,EMAIL_LABEL) values ('34','Machin.Madeleine@mm.com');
Insert into AIR2JAVA.EMAILS (ID_EMAIL,EMAIL_LABEL) values ('35','Machin.Mustapha@mm.com');
Insert into AIR2JAVA.EMAILS (ID_EMAIL,EMAIL_LABEL) values ('36','Normand.Nadia@nn.com');
Insert into AIR2JAVA.EMAILS (ID_EMAIL,EMAIL_LABEL) values ('37','Normand.Nicolas@nn.com');
Insert into AIR2JAVA.EMAILS (ID_EMAIL,EMAIL_LABEL) values ('38','Ortega.Odette@oo.com');
Insert into AIR2JAVA.EMAILS (ID_EMAIL,EMAIL_LABEL) values ('39','Ortega.Olivier@oo.com');
Insert into AIR2JAVA.EMAILS (ID_EMAIL,EMAIL_LABEL) values ('40','Pastor.Pamela@pp.com');
Insert into AIR2JAVA.EMAILS (ID_EMAIL,EMAIL_LABEL) values ('41','Pastor.Paul@pp.com');
Insert into AIR2JAVA.EMAILS (ID_EMAIL,EMAIL_LABEL) values ('42','Quere.Quentin@qq.com');
Insert into AIR2JAVA.EMAILS (ID_EMAIL,EMAIL_LABEL) values ('43','Quere.Quiterie@qq.com');
Insert into AIR2JAVA.EMAILS (ID_EMAIL,EMAIL_LABEL) values ('44','Ramirez.Rachel@rr.com');
Insert into AIR2JAVA.EMAILS (ID_EMAIL,EMAIL_LABEL) values ('45','Ramirez.Romain@rr.com');
Insert into AIR2JAVA.EMAILS (ID_EMAIL,EMAIL_LABEL) values ('46','Sabatier.Sabrina@ss.com');
Insert into AIR2JAVA.EMAILS (ID_EMAIL,EMAIL_LABEL) values ('47','Sabatier.Sebastien@ss.com');
Insert into AIR2JAVA.EMAILS (ID_EMAIL,EMAIL_LABEL) values ('48','Tison.Tatiana@tt.com');
Insert into AIR2JAVA.EMAILS (ID_EMAIL,EMAIL_LABEL) values ('49','Tison.Tristan@tt.com');
Insert into AIR2JAVA.EMAILS (ID_EMAIL,EMAIL_LABEL) values ('50','Urbain.Ugo@uu.com');
Insert into AIR2JAVA.EMAILS (ID_EMAIL,EMAIL_LABEL) values ('51','Urbain.Ursuline@uu.com');
Insert into AIR2JAVA.EMAILS (ID_EMAIL,EMAIL_LABEL) values ('52','Voisin.Valentin@vv.com');
Insert into AIR2JAVA.EMAILS (ID_EMAIL,EMAIL_LABEL) values ('53','Voisin.Viviane@vv.com');
Insert into AIR2JAVA.EMAILS (ID_EMAIL,EMAIL_LABEL) values ('54','Wagner.Wendy@ww.com');
Insert into AIR2JAVA.EMAILS (ID_EMAIL,EMAIL_LABEL) values ('55','Wagner.William@ww.com');
Insert into AIR2JAVA.EMAILS (ID_EMAIL,EMAIL_LABEL) values ('56','Xavier.Xavier@xx.com');
Insert into AIR2JAVA.EMAILS (ID_EMAIL,EMAIL_LABEL) values ('57','Xavier.Xena@xx.com');
Insert into AIR2JAVA.EMAILS (ID_EMAIL,EMAIL_LABEL) values ('58','Yang.Yanis@yy.com');
Insert into AIR2JAVA.EMAILS (ID_EMAIL,EMAIL_LABEL) values ('59','Yang.Yolande@yy.com');
Insert into AIR2JAVA.EMAILS (ID_EMAIL,EMAIL_LABEL) values ('60','Zimmermann.Zakaria@zz.com');
Insert into AIR2JAVA.EMAILS (ID_EMAIL,EMAIL_LABEL) values ('61','Zimmermann.Zoe@zz.com');
REM INSERTING into AIR2JAVA.EST_AUTEUR
SET DEFINE OFF;
REM INSERTING into AIR2JAVA.EST_DE_TYPE
SET DEFINE OFF;
REM INSERTING into AIR2JAVA.EST_MEMBRE
SET DEFINE OFF;
REM INSERTING into AIR2JAVA.EST_RESPONSABLE
SET DEFINE OFF;
REM INSERTING into AIR2JAVA.FONCTION
SET DEFINE OFF;
REM INSERTING into AIR2JAVA.FONCTIONS
SET DEFINE OFF;
REM INSERTING into AIR2JAVA.GROUPES
SET DEFINE OFF;
REM INSERTING into AIR2JAVA.INDIVIDUS
SET DEFINE OFF;
Insert into AIR2JAVA.INDIVIDUS (ID_INDIVIDU,ID_CIVILITE,NOM,PRENOM,DATE_NAISSANCE) values ('12','13','Astier','Amandine',to_date('01/02/03 00:00:00','DD/MM/RR HH24:MI:SS'));
Insert into AIR2JAVA.INDIVIDUS (ID_INDIVIDU,ID_CIVILITE,NOM,PRENOM,DATE_NAISSANCE) values ('13','11','Astier','Aurelien',to_date('01/01/02 00:00:00','DD/MM/RR HH24:MI:SS'));
Insert into AIR2JAVA.INDIVIDUS (ID_INDIVIDU,ID_CIVILITE,NOM,PRENOM,DATE_NAISSANCE) values ('14','11','Bourguignon','Bertrand',to_date('02/01/03 00:00:00','DD/MM/RR HH24:MI:SS'));
Insert into AIR2JAVA.INDIVIDUS (ID_INDIVIDU,ID_CIVILITE,NOM,PRENOM,DATE_NAISSANCE) values ('15','13','Bourguignon','Brigitte',to_date('02/02/04 00:00:00','DD/MM/RR HH24:MI:SS'));
Insert into AIR2JAVA.INDIVIDUS (ID_INDIVIDU,ID_CIVILITE,NOM,PRENOM,DATE_NAISSANCE) values ('16','13','Cartier','Cassandre',to_date('03/02/05 00:00:00','DD/MM/RR HH24:MI:SS'));
Insert into AIR2JAVA.INDIVIDUS (ID_INDIVIDU,ID_CIVILITE,NOM,PRENOM,DATE_NAISSANCE) values ('17','11','Cartier','Cyprien',to_date('03/01/04 00:00:00','DD/MM/RR HH24:MI:SS'));
Insert into AIR2JAVA.INDIVIDUS (ID_INDIVIDU,ID_CIVILITE,NOM,PRENOM,DATE_NAISSANCE) values ('18','13','Deschamps','Delphine',to_date('04/02/06 00:00:00','DD/MM/RR HH24:MI:SS'));
Insert into AIR2JAVA.INDIVIDUS (ID_INDIVIDU,ID_CIVILITE,NOM,PRENOM,DATE_NAISSANCE) values ('19','11','Deschamps','Dimitri',to_date('04/01/05 00:00:00','DD/MM/RR HH24:MI:SS'));
Insert into AIR2JAVA.INDIVIDUS (ID_INDIVIDU,ID_CIVILITE,NOM,PRENOM,DATE_NAISSANCE) values ('20','11','Dubois','Edouard',to_date('05/01/06 00:00:00','DD/MM/RR HH24:MI:SS'));
Insert into AIR2JAVA.INDIVIDUS (ID_INDIVIDU,ID_CIVILITE,NOM,PRENOM,DATE_NAISSANCE) values ('21','13','Dubois','Emmanuelle',to_date('05/02/07 00:00:00','DD/MM/RR HH24:MI:SS'));
Insert into AIR2JAVA.INDIVIDUS (ID_INDIVIDU,ID_CIVILITE,NOM,PRENOM,DATE_NAISSANCE) values ('22','13','Esnault','Fanny',to_date('06/02/08 00:00:00','DD/MM/RR HH24:MI:SS'));
Insert into AIR2JAVA.INDIVIDUS (ID_INDIVIDU,ID_CIVILITE,NOM,PRENOM,DATE_NAISSANCE) values ('23','11','Esnault','Francis',to_date('06/01/07 00:00:00','DD/MM/RR HH24:MI:SS'));
Insert into AIR2JAVA.INDIVIDUS (ID_INDIVIDU,ID_CIVILITE,NOM,PRENOM,DATE_NAISSANCE) values ('24','11','Fontaine','Gabin',to_date('07/01/08 00:00:00','DD/MM/RR HH24:MI:SS'));
Insert into AIR2JAVA.INDIVIDUS (ID_INDIVIDU,ID_CIVILITE,NOM,PRENOM,DATE_NAISSANCE) values ('25','13','Fontaine','Genevieve',to_date('07/02/09 00:00:00','DD/MM/RR HH24:MI:SS'));
Insert into AIR2JAVA.INDIVIDUS (ID_INDIVIDU,ID_CIVILITE,NOM,PRENOM,DATE_NAISSANCE) values ('26','13','Gicquel','Heloise',to_date('08/02/10 00:00:00','DD/MM/RR HH24:MI:SS'));
Insert into AIR2JAVA.INDIVIDUS (ID_INDIVIDU,ID_CIVILITE,NOM,PRENOM,DATE_NAISSANCE) values ('27','11','Gicquel','Hubert',to_date('08/01/09 00:00:00','DD/MM/RR HH24:MI:SS'));
Insert into AIR2JAVA.INDIVIDUS (ID_INDIVIDU,ID_CIVILITE,NOM,PRENOM,DATE_NAISSANCE) values ('28','13','Hernandez','Ingrid',to_date('09/02/11 00:00:00','DD/MM/RR HH24:MI:SS'));
Insert into AIR2JAVA.INDIVIDUS (ID_INDIVIDU,ID_CIVILITE,NOM,PRENOM,DATE_NAISSANCE) values ('29','11','Hernandez','Ivan',to_date('09/01/10 00:00:00','DD/MM/RR HH24:MI:SS'));
Insert into AIR2JAVA.INDIVIDUS (ID_INDIVIDU,ID_CIVILITE,NOM,PRENOM,DATE_NAISSANCE) values ('30','11','Jourdain','Jean-charles',to_date('10/01/11 00:00:00','DD/MM/RR HH24:MI:SS'));
Insert into AIR2JAVA.INDIVIDUS (ID_INDIVIDU,ID_CIVILITE,NOM,PRENOM,DATE_NAISSANCE) values ('31','13','Jourdain','Jenifer',to_date('10/02/12 00:00:00','DD/MM/RR HH24:MI:SS'));
Insert into AIR2JAVA.INDIVIDUS (ID_INDIVIDU,ID_CIVILITE,NOM,PRENOM,DATE_NAISSANCE) values ('32','13','Koch','Karine',to_date('11/02/13 00:00:00','DD/MM/RR HH24:MI:SS'));
Insert into AIR2JAVA.INDIVIDUS (ID_INDIVIDU,ID_CIVILITE,NOM,PRENOM,DATE_NAISSANCE) values ('33','11','Koch','Kevin',to_date('11/01/12 00:00:00','DD/MM/RR HH24:MI:SS'));
Insert into AIR2JAVA.INDIVIDUS (ID_INDIVIDU,ID_CIVILITE,NOM,PRENOM,DATE_NAISSANCE) values ('34','13','Lagrange','Laetitia',to_date('12/02/14 00:00:00','DD/MM/RR HH24:MI:SS'));
Insert into AIR2JAVA.INDIVIDUS (ID_INDIVIDU,ID_CIVILITE,NOM,PRENOM,DATE_NAISSANCE) values ('35','11','Lagrange','Louis',to_date('12/01/13 00:00:00','DD/MM/RR HH24:MI:SS'));
Insert into AIR2JAVA.INDIVIDUS (ID_INDIVIDU,ID_CIVILITE,NOM,PRENOM,DATE_NAISSANCE) values ('36','13','Machin','Madeleine',to_date('13/02/15 00:00:00','DD/MM/RR HH24:MI:SS'));
Insert into AIR2JAVA.INDIVIDUS (ID_INDIVIDU,ID_CIVILITE,NOM,PRENOM,DATE_NAISSANCE) values ('37','11','Machin','Mustapha',to_date('13/01/14 00:00:00','DD/MM/RR HH24:MI:SS'));
Insert into AIR2JAVA.INDIVIDUS (ID_INDIVIDU,ID_CIVILITE,NOM,PRENOM,DATE_NAISSANCE) values ('38','13','Normand','Nadia',to_date('14/02/16 00:00:00','DD/MM/RR HH24:MI:SS'));
Insert into AIR2JAVA.INDIVIDUS (ID_INDIVIDU,ID_CIVILITE,NOM,PRENOM,DATE_NAISSANCE) values ('39','11','Normand','Nicolas',to_date('14/01/15 00:00:00','DD/MM/RR HH24:MI:SS'));
Insert into AIR2JAVA.INDIVIDUS (ID_INDIVIDU,ID_CIVILITE,NOM,PRENOM,DATE_NAISSANCE) values ('40','13','Ortega','Odette',to_date('15/02/17 00:00:00','DD/MM/RR HH24:MI:SS'));
Insert into AIR2JAVA.INDIVIDUS (ID_INDIVIDU,ID_CIVILITE,NOM,PRENOM,DATE_NAISSANCE) values ('41','11','Ortega','Olivier',to_date('15/01/16 00:00:00','DD/MM/RR HH24:MI:SS'));
Insert into AIR2JAVA.INDIVIDUS (ID_INDIVIDU,ID_CIVILITE,NOM,PRENOM,DATE_NAISSANCE) values ('42','13','Pastor','Pamela',to_date('16/02/18 00:00:00','DD/MM/RR HH24:MI:SS'));
Insert into AIR2JAVA.INDIVIDUS (ID_INDIVIDU,ID_CIVILITE,NOM,PRENOM,DATE_NAISSANCE) values ('43','11','Pastor','Paul',to_date('16/01/17 00:00:00','DD/MM/RR HH24:MI:SS'));
Insert into AIR2JAVA.INDIVIDUS (ID_INDIVIDU,ID_CIVILITE,NOM,PRENOM,DATE_NAISSANCE) values ('44','11','Quere','Quentin',to_date('17/01/18 00:00:00','DD/MM/RR HH24:MI:SS'));
Insert into AIR2JAVA.INDIVIDUS (ID_INDIVIDU,ID_CIVILITE,NOM,PRENOM,DATE_NAISSANCE) values ('45','13','Quere','Quiterie',to_date('17/02/19 00:00:00','DD/MM/RR HH24:MI:SS'));
Insert into AIR2JAVA.INDIVIDUS (ID_INDIVIDU,ID_CIVILITE,NOM,PRENOM,DATE_NAISSANCE) values ('46','13','Ramirez','Rachel',to_date('18/02/20 00:00:00','DD/MM/RR HH24:MI:SS'));
Insert into AIR2JAVA.INDIVIDUS (ID_INDIVIDU,ID_CIVILITE,NOM,PRENOM,DATE_NAISSANCE) values ('47','11','Ramirez','Romain',to_date('18/01/19 00:00:00','DD/MM/RR HH24:MI:SS'));
Insert into AIR2JAVA.INDIVIDUS (ID_INDIVIDU,ID_CIVILITE,NOM,PRENOM,DATE_NAISSANCE) values ('48','13','Sabatier','Sabrina',to_date('19/02/21 00:00:00','DD/MM/RR HH24:MI:SS'));
Insert into AIR2JAVA.INDIVIDUS (ID_INDIVIDU,ID_CIVILITE,NOM,PRENOM,DATE_NAISSANCE) values ('49','11','Sabatier','Sebastien',to_date('19/01/20 00:00:00','DD/MM/RR HH24:MI:SS'));
Insert into AIR2JAVA.INDIVIDUS (ID_INDIVIDU,ID_CIVILITE,NOM,PRENOM,DATE_NAISSANCE) values ('50','13','Tison','Tatiana',to_date('20/02/22 00:00:00','DD/MM/RR HH24:MI:SS'));
Insert into AIR2JAVA.INDIVIDUS (ID_INDIVIDU,ID_CIVILITE,NOM,PRENOM,DATE_NAISSANCE) values ('51','11','Tison','Tristan',to_date('20/01/21 00:00:00','DD/MM/RR HH24:MI:SS'));
Insert into AIR2JAVA.INDIVIDUS (ID_INDIVIDU,ID_CIVILITE,NOM,PRENOM,DATE_NAISSANCE) values ('52','11','Urbain','Ugo',to_date('21/01/22 00:00:00','DD/MM/RR HH24:MI:SS'));
Insert into AIR2JAVA.INDIVIDUS (ID_INDIVIDU,ID_CIVILITE,NOM,PRENOM,DATE_NAISSANCE) values ('53','13','Urbain','Ursuline',to_date('21/02/23 00:00:00','DD/MM/RR HH24:MI:SS'));
Insert into AIR2JAVA.INDIVIDUS (ID_INDIVIDU,ID_CIVILITE,NOM,PRENOM,DATE_NAISSANCE) values ('54','11','Voisin','Valentin',to_date('22/01/23 00:00:00','DD/MM/RR HH24:MI:SS'));
Insert into AIR2JAVA.INDIVIDUS (ID_INDIVIDU,ID_CIVILITE,NOM,PRENOM,DATE_NAISSANCE) values ('55','13','Voisin','Viviane',to_date('22/02/24 00:00:00','DD/MM/RR HH24:MI:SS'));
Insert into AIR2JAVA.INDIVIDUS (ID_INDIVIDU,ID_CIVILITE,NOM,PRENOM,DATE_NAISSANCE) values ('56','13','Wagner','Wendy',to_date('23/02/25 00:00:00','DD/MM/RR HH24:MI:SS'));
Insert into AIR2JAVA.INDIVIDUS (ID_INDIVIDU,ID_CIVILITE,NOM,PRENOM,DATE_NAISSANCE) values ('57','11','Wagner','William',to_date('23/01/24 00:00:00','DD/MM/RR HH24:MI:SS'));
Insert into AIR2JAVA.INDIVIDUS (ID_INDIVIDU,ID_CIVILITE,NOM,PRENOM,DATE_NAISSANCE) values ('58','11','Xavier','Xavier',to_date('24/01/25 00:00:00','DD/MM/RR HH24:MI:SS'));
Insert into AIR2JAVA.INDIVIDUS (ID_INDIVIDU,ID_CIVILITE,NOM,PRENOM,DATE_NAISSANCE) values ('59','13','Xavier','Xena ',to_date('24/02/26 00:00:00','DD/MM/RR HH24:MI:SS'));
Insert into AIR2JAVA.INDIVIDUS (ID_INDIVIDU,ID_CIVILITE,NOM,PRENOM,DATE_NAISSANCE) values ('60','11','Yang','Yanis',to_date('25/01/26 00:00:00','DD/MM/RR HH24:MI:SS'));
Insert into AIR2JAVA.INDIVIDUS (ID_INDIVIDU,ID_CIVILITE,NOM,PRENOM,DATE_NAISSANCE) values ('61','13','Yang','Yolande',to_date('25/02/27 00:00:00','DD/MM/RR HH24:MI:SS'));
Insert into AIR2JAVA.INDIVIDUS (ID_INDIVIDU,ID_CIVILITE,NOM,PRENOM,DATE_NAISSANCE) values ('62','11','Zimmermann','Zakaria',to_date('26/01/27 00:00:00','DD/MM/RR HH24:MI:SS'));
Insert into AIR2JAVA.INDIVIDUS (ID_INDIVIDU,ID_CIVILITE,NOM,PRENOM,DATE_NAISSANCE) values ('63','13','Zimmermann','Zoe',to_date('26/02/28 00:00:00','DD/MM/RR HH24:MI:SS'));
REM INSERTING into AIR2JAVA.INSTRUMENTS
SET DEFINE OFF;
Insert into AIR2JAVA.INSTRUMENTS (ID_INSTRUMENT,INSTRUMENT_LABEL) values ('30','accord√©on');
Insert into AIR2JAVA.INSTRUMENTS (ID_INSTRUMENT,INSTRUMENT_LABEL) values ('31','bombarde');
Insert into AIR2JAVA.INSTRUMENTS (ID_INSTRUMENT,INSTRUMENT_LABEL) values ('32','chalumeau');
Insert into AIR2JAVA.INSTRUMENTS (ID_INSTRUMENT,INSTRUMENT_LABEL) values ('33','dulcimer');
Insert into AIR2JAVA.INSTRUMENTS (ID_INSTRUMENT,INSTRUMENT_LABEL) values ('34','√©pinette des Vosges');
Insert into AIR2JAVA.INSTRUMENTS (ID_INSTRUMENT,INSTRUMENT_LABEL) values ('35','fl√ªte traversi√®re');
Insert into AIR2JAVA.INSTRUMENTS (ID_INSTRUMENT,INSTRUMENT_LABEL) values ('36','guitare folk');
Insert into AIR2JAVA.INSTRUMENTS (ID_INSTRUMENT,INSTRUMENT_LABEL) values ('37','harpe celtique');
Insert into AIR2JAVA.INSTRUMENTS (ID_INSTRUMENT,INSTRUMENT_LABEL) values ('38','insibi');
Insert into AIR2JAVA.INSTRUMENTS (ID_INSTRUMENT,INSTRUMENT_LABEL) values ('39','jeu de timbre');
Insert into AIR2JAVA.INSTRUMENTS (ID_INSTRUMENT,INSTRUMENT_LABEL) values ('40','kazoo');
Insert into AIR2JAVA.INSTRUMENTS (ID_INSTRUMENT,INSTRUMENT_LABEL) values ('41','lyre du Moyen √Çge');
Insert into AIR2JAVA.INSTRUMENTS (ID_INSTRUMENT,INSTRUMENT_LABEL) values ('42','musette');
Insert into AIR2JAVA.INSTRUMENTS (ID_INSTRUMENT,INSTRUMENT_LABEL) values ('43','nickelharfe');
Insert into AIR2JAVA.INSTRUMENTS (ID_INSTRUMENT,INSTRUMENT_LABEL) values ('44','ocarina');
Insert into AIR2JAVA.INSTRUMENTS (ID_INSTRUMENT,INSTRUMENT_LABEL) values ('45','psalt√©rion');
Insert into AIR2JAVA.INSTRUMENTS (ID_INSTRUMENT,INSTRUMENT_LABEL) values ('46','quinterna');
Insert into AIR2JAVA.INSTRUMENTS (ID_INSTRUMENT,INSTRUMENT_LABEL) values ('47','rebec');
Insert into AIR2JAVA.INSTRUMENTS (ID_INSTRUMENT,INSTRUMENT_LABEL) values ('48','sacqueboute');
Insert into AIR2JAVA.INSTRUMENTS (ID_INSTRUMENT,INSTRUMENT_LABEL) values ('49','trombone √† pistons');
Insert into AIR2JAVA.INSTRUMENTS (ID_INSTRUMENT,INSTRUMENT_LABEL) values ('50','ukul√©l√©');
Insert into AIR2JAVA.INSTRUMENTS (ID_INSTRUMENT,INSTRUMENT_LABEL) values ('51','vielle √† roue');
Insert into AIR2JAVA.INSTRUMENTS (ID_INSTRUMENT,INSTRUMENT_LABEL) values ('52','wood-block');
Insert into AIR2JAVA.INSTRUMENTS (ID_INSTRUMENT,INSTRUMENT_LABEL) values ('53','xylophone');
Insert into AIR2JAVA.INSTRUMENTS (ID_INSTRUMENT,INSTRUMENT_LABEL) values ('54','youkoul√©l√©');
Insert into AIR2JAVA.INSTRUMENTS (ID_INSTRUMENT,INSTRUMENT_LABEL) values ('55','zourna');
Insert into AIR2JAVA.INSTRUMENTS (ID_INSTRUMENT,INSTRUMENT_LABEL) values ('5','voix');
REM INSERTING into AIR2JAVA.INSTUMENTS
SET DEFINE OFF;
REM INSERTING into AIR2JAVA.JOUE
SET DEFINE OFF;
REM INSERTING into AIR2JAVA.JOUEE_EN_TANT_QUE
SET DEFINE OFF;
REM INSERTING into AIR2JAVA.JOUE_EN_TANT_QUE
SET DEFINE OFF;
Insert into AIR2JAVA.JOUE_EN_TANT_QUE (ID_INDIVIDU,ID_SPECIALITE,ID_INSTRUMENT) values ('12','11','36');
Insert into AIR2JAVA.JOUE_EN_TANT_QUE (ID_INDIVIDU,ID_SPECIALITE,ID_INSTRUMENT) values ('12','22','5');
Insert into AIR2JAVA.JOUE_EN_TANT_QUE (ID_INDIVIDU,ID_SPECIALITE,ID_INSTRUMENT) values ('17','12','31');
Insert into AIR2JAVA.JOUE_EN_TANT_QUE (ID_INDIVIDU,ID_SPECIALITE,ID_INSTRUMENT) values ('17','12','32');
Insert into AIR2JAVA.JOUE_EN_TANT_QUE (ID_INDIVIDU,ID_SPECIALITE,ID_INSTRUMENT) values ('17','22','5');
Insert into AIR2JAVA.JOUE_EN_TANT_QUE (ID_INDIVIDU,ID_SPECIALITE,ID_INSTRUMENT) values ('18','12','33');
Insert into AIR2JAVA.JOUE_EN_TANT_QUE (ID_INDIVIDU,ID_SPECIALITE,ID_INSTRUMENT) values ('21','22','5');
Insert into AIR2JAVA.JOUE_EN_TANT_QUE (ID_INDIVIDU,ID_SPECIALITE,ID_INSTRUMENT) values ('26','22','5');
Insert into AIR2JAVA.JOUE_EN_TANT_QUE (ID_INDIVIDU,ID_SPECIALITE,ID_INSTRUMENT) values ('27','12','37');
Insert into AIR2JAVA.JOUE_EN_TANT_QUE (ID_INDIVIDU,ID_SPECIALITE,ID_INSTRUMENT) values ('35','12','41');
Insert into AIR2JAVA.JOUE_EN_TANT_QUE (ID_INDIVIDU,ID_SPECIALITE,ID_INSTRUMENT) values ('35','20','5');
Insert into AIR2JAVA.JOUE_EN_TANT_QUE (ID_INDIVIDU,ID_SPECIALITE,ID_INSTRUMENT) values ('35','22','5');
Insert into AIR2JAVA.JOUE_EN_TANT_QUE (ID_INDIVIDU,ID_SPECIALITE,ID_INSTRUMENT) values ('35','90','5');
Insert into AIR2JAVA.JOUE_EN_TANT_QUE (ID_INDIVIDU,ID_SPECIALITE,ID_INSTRUMENT) values ('36','22','5');
Insert into AIR2JAVA.JOUE_EN_TANT_QUE (ID_INDIVIDU,ID_SPECIALITE,ID_INSTRUMENT) values ('38','12','36');
Insert into AIR2JAVA.JOUE_EN_TANT_QUE (ID_INDIVIDU,ID_SPECIALITE,ID_INSTRUMENT) values ('38','22','5');
Insert into AIR2JAVA.JOUE_EN_TANT_QUE (ID_INDIVIDU,ID_SPECIALITE,ID_INSTRUMENT) values ('40','21','5');
Insert into AIR2JAVA.JOUE_EN_TANT_QUE (ID_INDIVIDU,ID_SPECIALITE,ID_INSTRUMENT) values ('47','11','31');
Insert into AIR2JAVA.JOUE_EN_TANT_QUE (ID_INDIVIDU,ID_SPECIALITE,ID_INSTRUMENT) values ('47','11','51');
Insert into AIR2JAVA.JOUE_EN_TANT_QUE (ID_INDIVIDU,ID_SPECIALITE,ID_INSTRUMENT) values ('47','12','36');
Insert into AIR2JAVA.JOUE_EN_TANT_QUE (ID_INDIVIDU,ID_SPECIALITE,ID_INSTRUMENT) values ('47','12','51');
Insert into AIR2JAVA.JOUE_EN_TANT_QUE (ID_INDIVIDU,ID_SPECIALITE,ID_INSTRUMENT) values ('47','22','5');
Insert into AIR2JAVA.JOUE_EN_TANT_QUE (ID_INDIVIDU,ID_SPECIALITE,ID_INSTRUMENT) values ('48','11','47');
Insert into AIR2JAVA.JOUE_EN_TANT_QUE (ID_INDIVIDU,ID_SPECIALITE,ID_INSTRUMENT) values ('48','21','5');
Insert into AIR2JAVA.JOUE_EN_TANT_QUE (ID_INDIVIDU,ID_SPECIALITE,ID_INSTRUMENT) values ('48','22','5');
Insert into AIR2JAVA.JOUE_EN_TANT_QUE (ID_INDIVIDU,ID_SPECIALITE,ID_INSTRUMENT) values ('51','11','49');
Insert into AIR2JAVA.JOUE_EN_TANT_QUE (ID_INDIVIDU,ID_SPECIALITE,ID_INSTRUMENT) values ('55','11','51');
Insert into AIR2JAVA.JOUE_EN_TANT_QUE (ID_INDIVIDU,ID_SPECIALITE,ID_INSTRUMENT) values ('57','11','52');
Insert into AIR2JAVA.JOUE_EN_TANT_QUE (ID_INDIVIDU,ID_SPECIALITE,ID_INSTRUMENT) values ('59','22','5');
Insert into AIR2JAVA.JOUE_EN_TANT_QUE (ID_INDIVIDU,ID_SPECIALITE,ID_INSTRUMENT) values ('61','22','5');
REM INSERTING into AIR2JAVA.LIEUX
SET DEFINE OFF;
REM INSERTING into AIR2JAVA.LIEUXREPRESENTATION
SET DEFINE OFF;
REM INSERTING into AIR2JAVA.OEUVRES
SET DEFINE OFF;
REM INSERTING into AIR2JAVA.OEUVRETYPES
SET DEFINE OFF;
REM INSERTING into AIR2JAVA.PAYS
SET DEFINE OFF;
Insert into AIR2JAVA.PAYS (ID_PAYS,PAYS_LABEL) values ('4','France');
Insert into AIR2JAVA.PAYS (ID_PAYS,PAYS_LABEL) values ('5','abo√®s');
Insert into AIR2JAVA.PAYS (ID_PAYS,PAYS_LABEL) values ('6','Autriche');
Insert into AIR2JAVA.PAYS (ID_PAYS,PAYS_LABEL) values ('7','Belgique');
Insert into AIR2JAVA.PAYS (ID_PAYS,PAYS_LABEL) values ('8','Allemagne');
Insert into AIR2JAVA.PAYS (ID_PAYS,PAYS_LABEL) values ('9','Danemark');
Insert into AIR2JAVA.PAYS (ID_PAYS,PAYS_LABEL) values ('10','Espagne');
Insert into AIR2JAVA.PAYS (ID_PAYS,PAYS_LABEL) values ('11','Finlande');
Insert into AIR2JAVA.PAYS (ID_PAYS,PAYS_LABEL) values ('12','France');
Insert into AIR2JAVA.PAYS (ID_PAYS,PAYS_LABEL) values ('13','Royaume-Uni');
Insert into AIR2JAVA.PAYS (ID_PAYS,PAYS_LABEL) values ('14','Gr√®ce');
Insert into AIR2JAVA.PAYS (ID_PAYS,PAYS_LABEL) values ('15','Irlande');
Insert into AIR2JAVA.PAYS (ID_PAYS,PAYS_LABEL) values ('16','Italie');
Insert into AIR2JAVA.PAYS (ID_PAYS,PAYS_LABEL) values ('17','Luxembourg');
Insert into AIR2JAVA.PAYS (ID_PAYS,PAYS_LABEL) values ('18','Pays-Bas');
Insert into AIR2JAVA.PAYS (ID_PAYS,PAYS_LABEL) values ('19','Portugal');
Insert into AIR2JAVA.PAYS (ID_PAYS,PAYS_LABEL) values ('20','Su√®de');
Insert into AIR2JAVA.PAYS (ID_PAYS,PAYS_LABEL) values ('21','Chypre');
Insert into AIR2JAVA.PAYS (ID_PAYS,PAYS_LABEL) values ('22','Malte');
Insert into AIR2JAVA.PAYS (ID_PAYS,PAYS_LABEL) values ('23','R√©publique tch√®que');
Insert into AIR2JAVA.PAYS (ID_PAYS,PAYS_LABEL) values ('24','Estonie');
Insert into AIR2JAVA.PAYS (ID_PAYS,PAYS_LABEL) values ('25','Hongrie');
Insert into AIR2JAVA.PAYS (ID_PAYS,PAYS_LABEL) values ('26','Lituanie');
Insert into AIR2JAVA.PAYS (ID_PAYS,PAYS_LABEL) values ('27','Lettonie');
Insert into AIR2JAVA.PAYS (ID_PAYS,PAYS_LABEL) values ('28','Pologne');
Insert into AIR2JAVA.PAYS (ID_PAYS,PAYS_LABEL) values ('29','Slov√©nie');
Insert into AIR2JAVA.PAYS (ID_PAYS,PAYS_LABEL) values ('30','Slovaquie');
Insert into AIR2JAVA.PAYS (ID_PAYS,PAYS_LABEL) values ('31','Roumanie');
Insert into AIR2JAVA.PAYS (ID_PAYS,PAYS_LABEL) values ('32','Bulgarie');
Insert into AIR2JAVA.PAYS (ID_PAYS,PAYS_LABEL) values ('33','Albanie');
Insert into AIR2JAVA.PAYS (ID_PAYS,PAYS_LABEL) values ('34','Kosovo');
Insert into AIR2JAVA.PAYS (ID_PAYS,PAYS_LABEL) values ('35','R√©publique de Mac√©doine');
Insert into AIR2JAVA.PAYS (ID_PAYS,PAYS_LABEL) values ('36','Mont√©n√©gro - va devenir ME');
Insert into AIR2JAVA.PAYS (ID_PAYS,PAYS_LABEL) values ('37','Serbie - va devenir RS');
Insert into AIR2JAVA.PAYS (ID_PAYS,PAYS_LABEL) values ('38','Arm√©nie');
Insert into AIR2JAVA.PAYS (ID_PAYS,PAYS_LABEL) values ('39','Azerba√Ødjan');
Insert into AIR2JAVA.PAYS (ID_PAYS,PAYS_LABEL) values ('40','Bi√©lorussie - Belarus');
Insert into AIR2JAVA.PAYS (ID_PAYS,PAYS_LABEL) values ('41','G√©orgie');
Insert into AIR2JAVA.PAYS (ID_PAYS,PAYS_LABEL) values ('42','Moldavie');
Insert into AIR2JAVA.PAYS (ID_PAYS,PAYS_LABEL) values ('43','Russie');
Insert into AIR2JAVA.PAYS (ID_PAYS,PAYS_LABEL) values ('44','Ukraine');
Insert into AIR2JAVA.PAYS (ID_PAYS,PAYS_LABEL) values ('45','Costa Rica');
Insert into AIR2JAVA.PAYS (ID_PAYS,PAYS_LABEL) values ('46','Guatemala');
Insert into AIR2JAVA.PAYS (ID_PAYS,PAYS_LABEL) values ('47','Honduras');
Insert into AIR2JAVA.PAYS (ID_PAYS,PAYS_LABEL) values ('48','Mexique');
Insert into AIR2JAVA.PAYS (ID_PAYS,PAYS_LABEL) values ('49','Nicaragua');
Insert into AIR2JAVA.PAYS (ID_PAYS,PAYS_LABEL) values ('50','Panama');
Insert into AIR2JAVA.PAYS (ID_PAYS,PAYS_LABEL) values ('51','El Salvador');
Insert into AIR2JAVA.PAYS (ID_PAYS,PAYS_LABEL) values ('52','Belize');
Insert into AIR2JAVA.PAYS (ID_PAYS,PAYS_LABEL) values ('53','Argentine');
Insert into AIR2JAVA.PAYS (ID_PAYS,PAYS_LABEL) values ('54','Bolivie');
Insert into AIR2JAVA.PAYS (ID_PAYS,PAYS_LABEL) values ('55','Br√©sil');
Insert into AIR2JAVA.PAYS (ID_PAYS,PAYS_LABEL) values ('56','Chili');
Insert into AIR2JAVA.PAYS (ID_PAYS,PAYS_LABEL) values ('57','Colombie');
Insert into AIR2JAVA.PAYS (ID_PAYS,PAYS_LABEL) values ('58','√âquateur');
Insert into AIR2JAVA.PAYS (ID_PAYS,PAYS_LABEL) values ('59','Guyane');
Insert into AIR2JAVA.PAYS (ID_PAYS,PAYS_LABEL) values ('60','P√©rou');
Insert into AIR2JAVA.PAYS (ID_PAYS,PAYS_LABEL) values ('61','Porto Rico');
Insert into AIR2JAVA.PAYS (ID_PAYS,PAYS_LABEL) values ('62','Paraguay');
Insert into AIR2JAVA.PAYS (ID_PAYS,PAYS_LABEL) values ('63','Surinam');
Insert into AIR2JAVA.PAYS (ID_PAYS,PAYS_LABEL) values ('64','Uruguay');
Insert into AIR2JAVA.PAYS (ID_PAYS,PAYS_LABEL) values ('65','Venezuela');
Insert into AIR2JAVA.PAYS (ID_PAYS,PAYS_LABEL) values ('66','Brunei Darussalam');
Insert into AIR2JAVA.PAYS (ID_PAYS,PAYS_LABEL) values ('67','Indon√©sie');
Insert into AIR2JAVA.PAYS (ID_PAYS,PAYS_LABEL) values ('68','Cambodge');
Insert into AIR2JAVA.PAYS (ID_PAYS,PAYS_LABEL) values ('69','Laos');
Insert into AIR2JAVA.PAYS (ID_PAYS,PAYS_LABEL) values ('70','Myanmar (Birmanie)');
Insert into AIR2JAVA.PAYS (ID_PAYS,PAYS_LABEL) values ('71','Malaisie');
Insert into AIR2JAVA.PAYS (ID_PAYS,PAYS_LABEL) values ('72','Philippines');
Insert into AIR2JAVA.PAYS (ID_PAYS,PAYS_LABEL) values ('73','Singapour');
Insert into AIR2JAVA.PAYS (ID_PAYS,PAYS_LABEL) values ('74','Tha√Ølande');
Insert into AIR2JAVA.PAYS (ID_PAYS,PAYS_LABEL) values ('75','Vi√™t Nam');
Insert into AIR2JAVA.PAYS (ID_PAYS,PAYS_LABEL) values ('76','Chine');
Insert into AIR2JAVA.PAYS (ID_PAYS,PAYS_LABEL) values ('77','Hong Kong');
Insert into AIR2JAVA.PAYS (ID_PAYS,PAYS_LABEL) values ('78','Cor√©e du Nord');
Insert into AIR2JAVA.PAYS (ID_PAYS,PAYS_LABEL) values ('79','Cor√©e du Sud');
Insert into AIR2JAVA.PAYS (ID_PAYS,PAYS_LABEL) values ('80','Mongolie');
Insert into AIR2JAVA.PAYS (ID_PAYS,PAYS_LABEL) values ('81','Macao');
Insert into AIR2JAVA.PAYS (ID_PAYS,PAYS_LABEL) values ('82','Ta√Øwan');
Insert into AIR2JAVA.PAYS (ID_PAYS,PAYS_LABEL) values ('83','Japon');
Insert into AIR2JAVA.PAYS (ID_PAYS,PAYS_LABEL) values ('84','Afghanistan');
Insert into AIR2JAVA.PAYS (ID_PAYS,PAYS_LABEL) values ('85','Bangladesh');
Insert into AIR2JAVA.PAYS (ID_PAYS,PAYS_LABEL) values ('86','Bhoutan');
Insert into AIR2JAVA.PAYS (ID_PAYS,PAYS_LABEL) values ('87','Inde');
Insert into AIR2JAVA.PAYS (ID_PAYS,PAYS_LABEL) values ('88','Sri Lanka');
Insert into AIR2JAVA.PAYS (ID_PAYS,PAYS_LABEL) values ('89','Maldives');
Insert into AIR2JAVA.PAYS (ID_PAYS,PAYS_LABEL) values ('90','N√©pal');
Insert into AIR2JAVA.PAYS (ID_PAYS,PAYS_LABEL) values ('91','Pakistan');
Insert into AIR2JAVA.PAYS (ID_PAYS,PAYS_LABEL) values ('92','Kirghizistan');
Insert into AIR2JAVA.PAYS (ID_PAYS,PAYS_LABEL) values ('93','Kazakhstan');
Insert into AIR2JAVA.PAYS (ID_PAYS,PAYS_LABEL) values ('94','Tadjikistan');
Insert into AIR2JAVA.PAYS (ID_PAYS,PAYS_LABEL) values ('95','Turkm√©nistan');
Insert into AIR2JAVA.PAYS (ID_PAYS,PAYS_LABEL) values ('96','Ouzb√©kistan');
Insert into AIR2JAVA.PAYS (ID_PAYS,PAYS_LABEL) values ('97','Alg√©rie');
Insert into AIR2JAVA.PAYS (ID_PAYS,PAYS_LABEL) values ('98','√âgypte');
Insert into AIR2JAVA.PAYS (ID_PAYS,PAYS_LABEL) values ('99','Isra√´l');
Insert into AIR2JAVA.PAYS (ID_PAYS,PAYS_LABEL) values ('244','Jordanie');
Insert into AIR2JAVA.PAYS (ID_PAYS,PAYS_LABEL) values ('245','Liban');
Insert into AIR2JAVA.PAYS (ID_PAYS,PAYS_LABEL) values ('246','Libye');
Insert into AIR2JAVA.PAYS (ID_PAYS,PAYS_LABEL) values ('247','Maroc');
Insert into AIR2JAVA.PAYS (ID_PAYS,PAYS_LABEL) values ('249','Syrie');
Insert into AIR2JAVA.PAYS (ID_PAYS,PAYS_LABEL) values ('250','Tunisie');
Insert into AIR2JAVA.PAYS (ID_PAYS,PAYS_LABEL) values ('251','Turquie');
Insert into AIR2JAVA.PAYS (ID_PAYS,PAYS_LABEL) values ('252','√âmirats arabes unis');
Insert into AIR2JAVA.PAYS (ID_PAYS,PAYS_LABEL) values ('253','Bahre√Øn');
Insert into AIR2JAVA.PAYS (ID_PAYS,PAYS_LABEL) values ('254','Irak');
Insert into AIR2JAVA.PAYS (ID_PAYS,PAYS_LABEL) values ('255','Iran');
Insert into AIR2JAVA.PAYS (ID_PAYS,PAYS_LABEL) values ('256','Kowe√Øt');
Insert into AIR2JAVA.PAYS (ID_PAYS,PAYS_LABEL) values ('257','Oman');
Insert into AIR2JAVA.PAYS (ID_PAYS,PAYS_LABEL) values ('258','Qatar');
Insert into AIR2JAVA.PAYS (ID_PAYS,PAYS_LABEL) values ('259','Arabie saoudite');
Insert into AIR2JAVA.PAYS (ID_PAYS,PAYS_LABEL) values ('260','Y√©men');
Insert into AIR2JAVA.PAYS (ID_PAYS,PAYS_LABEL) values ('261','Angola');
Insert into AIR2JAVA.PAYS (ID_PAYS,PAYS_LABEL) values ('262','Botswana');
Insert into AIR2JAVA.PAYS (ID_PAYS,PAYS_LABEL) values ('263','Lesotho');
Insert into AIR2JAVA.PAYS (ID_PAYS,PAYS_LABEL) values ('264','Malawi');
Insert into AIR2JAVA.PAYS (ID_PAYS,PAYS_LABEL) values ('265','Mozambique');
Insert into AIR2JAVA.PAYS (ID_PAYS,PAYS_LABEL) values ('266','Namibie');
Insert into AIR2JAVA.PAYS (ID_PAYS,PAYS_LABEL) values ('267','Swaziland');
Insert into AIR2JAVA.PAYS (ID_PAYS,PAYS_LABEL) values ('268','Afrique du Sud');
Insert into AIR2JAVA.PAYS (ID_PAYS,PAYS_LABEL) values ('269','Zambie');
Insert into AIR2JAVA.PAYS (ID_PAYS,PAYS_LABEL) values ('270','Zimbabwe');
Insert into AIR2JAVA.PAYS (ID_PAYS,PAYS_LABEL) values ('272','R√©publique centrafricaine');
Insert into AIR2JAVA.PAYS (ID_PAYS,PAYS_LABEL) values ('273','Congo (Brazzaville)');
Insert into AIR2JAVA.PAYS (ID_PAYS,PAYS_LABEL) values ('274','Cameroun');
Insert into AIR2JAVA.PAYS (ID_PAYS,PAYS_LABEL) values ('275','Gabon');
Insert into AIR2JAVA.PAYS (ID_PAYS,PAYS_LABEL) values ('276','Guin√©e √©quatoriale');
Insert into AIR2JAVA.PAYS (ID_PAYS,PAYS_LABEL) values ('277','Sao Tom√©-et-Principe');
Insert into AIR2JAVA.PAYS (ID_PAYS,PAYS_LABEL) values ('278','Tchad');
Insert into AIR2JAVA.PAYS (ID_PAYS,PAYS_LABEL) values ('279','Burkina Faso');
Insert into AIR2JAVA.PAYS (ID_PAYS,PAYS_LABEL) values ('280','B√©nin');
Insert into AIR2JAVA.PAYS (ID_PAYS,PAYS_LABEL) values ('281','C√¥te d‚ÄôIvoire');
Insert into AIR2JAVA.PAYS (ID_PAYS,PAYS_LABEL) values ('282','Cap Vert');
Insert into AIR2JAVA.PAYS (ID_PAYS,PAYS_LABEL) values ('283','Ghana');
Insert into AIR2JAVA.PAYS (ID_PAYS,PAYS_LABEL) values ('284','Gambie');
Insert into AIR2JAVA.PAYS (ID_PAYS,PAYS_LABEL) values ('285','Guin√©e (Conakry)');
Insert into AIR2JAVA.PAYS (ID_PAYS,PAYS_LABEL) values ('286','Guin√©e Bissau');
Insert into AIR2JAVA.PAYS (ID_PAYS,PAYS_LABEL) values ('287','Liberia');
Insert into AIR2JAVA.PAYS (ID_PAYS,PAYS_LABEL) values ('288','Mali');
Insert into AIR2JAVA.PAYS (ID_PAYS,PAYS_LABEL) values ('289','Mauritanie');
Insert into AIR2JAVA.PAYS (ID_PAYS,PAYS_LABEL) values ('290','Niger');
Insert into AIR2JAVA.PAYS (ID_PAYS,PAYS_LABEL) values ('291','Nigeria');
Insert into AIR2JAVA.PAYS (ID_PAYS,PAYS_LABEL) values ('292','Sierra Leone');
Insert into AIR2JAVA.PAYS (ID_PAYS,PAYS_LABEL) values ('293','S√©n√©gal');
Insert into AIR2JAVA.PAYS (ID_PAYS,PAYS_LABEL) values ('294','Togo');
Insert into AIR2JAVA.PAYS (ID_PAYS,PAYS_LABEL) values ('295','Burundi');
Insert into AIR2JAVA.PAYS (ID_PAYS,PAYS_LABEL) values ('296','Djibouti');
Insert into AIR2JAVA.PAYS (ID_PAYS,PAYS_LABEL) values ('297','√ârythr√©e');
Insert into AIR2JAVA.PAYS (ID_PAYS,PAYS_LABEL) values ('298','√âthiopie');
Insert into AIR2JAVA.PAYS (ID_PAYS,PAYS_LABEL) values ('299','Kenya');
Insert into AIR2JAVA.PAYS (ID_PAYS,PAYS_LABEL) values ('300','Rwanda');
Insert into AIR2JAVA.PAYS (ID_PAYS,PAYS_LABEL) values ('301','Soudan');
Insert into AIR2JAVA.PAYS (ID_PAYS,PAYS_LABEL) values ('302','Somalie');
Insert into AIR2JAVA.PAYS (ID_PAYS,PAYS_LABEL) values ('303','Tanzanie');
Insert into AIR2JAVA.PAYS (ID_PAYS,PAYS_LABEL) values ('304','Ouganda');
Insert into AIR2JAVA.PAYS (ID_PAYS,PAYS_LABEL) values ('306','Comores');
Insert into AIR2JAVA.PAYS (ID_PAYS,PAYS_LABEL) values ('307','Madagascar');
Insert into AIR2JAVA.PAYS (ID_PAYS,PAYS_LABEL) values ('308','√éle Maurice');
Insert into AIR2JAVA.PAYS (ID_PAYS,PAYS_LABEL) values ('309','Seychelles');
Insert into AIR2JAVA.PAYS (ID_PAYS,PAYS_LABEL) values ('310','Mayotte');
Insert into AIR2JAVA.PAYS (ID_PAYS,PAYS_LABEL) values ('311','Antigua et Barbuda');
Insert into AIR2JAVA.PAYS (ID_PAYS,PAYS_LABEL) values ('312','Anguilla');
Insert into AIR2JAVA.PAYS (ID_PAYS,PAYS_LABEL) values ('313','Antilles n√©erlandaises');
Insert into AIR2JAVA.PAYS (ID_PAYS,PAYS_LABEL) values ('314','Aruba');
Insert into AIR2JAVA.PAYS (ID_PAYS,PAYS_LABEL) values ('315','Barbade');
Insert into AIR2JAVA.PAYS (ID_PAYS,PAYS_LABEL) values ('316','Bahamas');
Insert into AIR2JAVA.PAYS (ID_PAYS,PAYS_LABEL) values ('317','Cuba');
Insert into AIR2JAVA.PAYS (ID_PAYS,PAYS_LABEL) values ('318','Dominique');
Insert into AIR2JAVA.PAYS (ID_PAYS,PAYS_LABEL) values ('319','R√©publique dominicaine');
Insert into AIR2JAVA.PAYS (ID_PAYS,PAYS_LABEL) values ('320','Grenade');
Insert into AIR2JAVA.PAYS (ID_PAYS,PAYS_LABEL) values ('321','Ha√Øti');
Insert into AIR2JAVA.PAYS (ID_PAYS,PAYS_LABEL) values ('322','Jama√Øque');
Insert into AIR2JAVA.PAYS (ID_PAYS,PAYS_LABEL) values ('323','Saint Kitts et Nevis');
Insert into AIR2JAVA.PAYS (ID_PAYS,PAYS_LABEL) values ('324','√éles Cayman');
Insert into AIR2JAVA.PAYS (ID_PAYS,PAYS_LABEL) values ('325','Sainte-Lucie');
Insert into AIR2JAVA.PAYS (ID_PAYS,PAYS_LABEL) values ('326','Montserrat');
Insert into AIR2JAVA.PAYS (ID_PAYS,PAYS_LABEL) values ('327','√éles Turks-et-Caicos');
Insert into AIR2JAVA.PAYS (ID_PAYS,PAYS_LABEL) values ('328','Trinit√© et Tobago');
Insert into AIR2JAVA.PAYS (ID_PAYS,PAYS_LABEL) values ('329','Saint-Vincent-et-les-Grenadines');
Insert into AIR2JAVA.PAYS (ID_PAYS,PAYS_LABEL) values ('330','√éles Vierges britanniques');
Insert into AIR2JAVA.PAYS (ID_PAYS,PAYS_LABEL) values ('331','R√©gion Pacifique');
Insert into AIR2JAVA.PAYS (ID_PAYS,PAYS_LABEL) values ('332','√éles Cook');
Insert into AIR2JAVA.PAYS (ID_PAYS,PAYS_LABEL) values ('333','Fidji');
Insert into AIR2JAVA.PAYS (ID_PAYS,PAYS_LABEL) values ('335','Kiribati');
Insert into AIR2JAVA.PAYS (ID_PAYS,PAYS_LABEL) values ('336','√éles Marshall');
Insert into AIR2JAVA.PAYS (ID_PAYS,PAYS_LABEL) values ('337','Nouvelle-Cal√©donie');
Insert into AIR2JAVA.PAYS (ID_PAYS,PAYS_LABEL) values ('338','Nauru');
Insert into AIR2JAVA.PAYS (ID_PAYS,PAYS_LABEL) values ('339','Niou√©');
Insert into AIR2JAVA.PAYS (ID_PAYS,PAYS_LABEL) values ('340','Polyn√©sie fran√ßaise');
Insert into AIR2JAVA.PAYS (ID_PAYS,PAYS_LABEL) values ('341','Papouasie-Nouvelle-Guin√©e');
Insert into AIR2JAVA.PAYS (ID_PAYS,PAYS_LABEL) values ('342','Saint-Pierre-et-Miquelon');
Insert into AIR2JAVA.PAYS (ID_PAYS,PAYS_LABEL) values ('343','√éles Pitcairn');
Insert into AIR2JAVA.PAYS (ID_PAYS,PAYS_LABEL) values ('344','Palau');
Insert into AIR2JAVA.PAYS (ID_PAYS,PAYS_LABEL) values ('345','√éles Salomon');
Insert into AIR2JAVA.PAYS (ID_PAYS,PAYS_LABEL) values ('346','Terres australes fran√ßaises');
Insert into AIR2JAVA.PAYS (ID_PAYS,PAYS_LABEL) values ('347','Timor Leste');
Insert into AIR2JAVA.PAYS (ID_PAYS,PAYS_LABEL) values ('348','Tonga');
Insert into AIR2JAVA.PAYS (ID_PAYS,PAYS_LABEL) values ('349','Tuvalu');
Insert into AIR2JAVA.PAYS (ID_PAYS,PAYS_LABEL) values ('350','Vanuatu');
Insert into AIR2JAVA.PAYS (ID_PAYS,PAYS_LABEL) values ('351','√éles Wallis et Futuna');
Insert into AIR2JAVA.PAYS (ID_PAYS,PAYS_LABEL) values ('352','Samoa occidentale');
Insert into AIR2JAVA.PAYS (ID_PAYS,PAYS_LABEL) values ('353','Andorre');
Insert into AIR2JAVA.PAYS (ID_PAYS,PAYS_LABEL) values ('355','Samoa am√©ricaine');
Insert into AIR2JAVA.PAYS (ID_PAYS,PAYS_LABEL) values ('356','Australie');
Insert into AIR2JAVA.PAYS (ID_PAYS,PAYS_LABEL) values ('357','Bermudes');
Insert into AIR2JAVA.PAYS (ID_PAYS,PAYS_LABEL) values ('358','√éle Bouvet');
Insert into AIR2JAVA.PAYS (ID_PAYS,PAYS_LABEL) values ('359','Canada');
Insert into AIR2JAVA.PAYS (ID_PAYS,PAYS_LABEL) values ('360','Iles des Cocos (Keeling)');
Insert into AIR2JAVA.PAYS (ID_PAYS,PAYS_LABEL) values ('361','Suisse');
Insert into AIR2JAVA.PAYS (ID_PAYS,PAYS_LABEL) values ('362','√éle Christmas');
Insert into AIR2JAVA.PAYS (ID_PAYS,PAYS_LABEL) values ('363','√éles Falklands (Malouines)');
Insert into AIR2JAVA.PAYS (ID_PAYS,PAYS_LABEL) values ('364','√éles F√©ro√©');
Insert into AIR2JAVA.PAYS (ID_PAYS,PAYS_LABEL) values ('365','Guernesey');
Insert into AIR2JAVA.PAYS (ID_PAYS,PAYS_LABEL) values ('366','Gibraltar');
Insert into AIR2JAVA.PAYS (ID_PAYS,PAYS_LABEL) values ('367','Groenland');
Insert into AIR2JAVA.PAYS (ID_PAYS,PAYS_LABEL) values ('369','Guam (√âtats-Unis)');
Insert into AIR2JAVA.PAYS (ID_PAYS,PAYS_LABEL) values ('370','√éles Heard et McDonald');
Insert into AIR2JAVA.PAYS (ID_PAYS,PAYS_LABEL) values ('371','√éle de Man');
Insert into AIR2JAVA.PAYS (ID_PAYS,PAYS_LABEL) values ('372','Islande');
Insert into AIR2JAVA.PAYS (ID_PAYS,PAYS_LABEL) values ('373','Jersey');
Insert into AIR2JAVA.PAYS (ID_PAYS,PAYS_LABEL) values ('374','Liechtenstein');
Insert into AIR2JAVA.PAYS (ID_PAYS,PAYS_LABEL) values ('375','Monaco');
Insert into AIR2JAVA.PAYS (ID_PAYS,PAYS_LABEL) values ('376','√éles Mariannes du Nord');
Insert into AIR2JAVA.PAYS (ID_PAYS,PAYS_LABEL) values ('377','√éle Norfolk');
Insert into AIR2JAVA.PAYS (ID_PAYS,PAYS_LABEL) values ('378','Norv√®ge');
Insert into AIR2JAVA.PAYS (ID_PAYS,PAYS_LABEL) values ('379','Nouvelle-Z√©lande');
Insert into AIR2JAVA.PAYS (ID_PAYS,PAYS_LABEL) values ('380','Sainte H√©l√®ne');
Insert into AIR2JAVA.PAYS (ID_PAYS,PAYS_LABEL) values ('381','√éles Svalbard et Jan Mayen');
Insert into AIR2JAVA.PAYS (ID_PAYS,PAYS_LABEL) values ('382','Saint-Marin');
Insert into AIR2JAVA.PAYS (ID_PAYS,PAYS_LABEL) values ('383','Tok√©laou');
Insert into AIR2JAVA.PAYS (ID_PAYS,PAYS_LABEL) values ('384','√âtats-Unis');
Insert into AIR2JAVA.PAYS (ID_PAYS,PAYS_LABEL) values ('385','Saint-Si√®ge (Vatican)');
Insert into AIR2JAVA.PAYS (ID_PAYS,PAYS_LABEL) values ('386','√éles Vierges am√©ricaines');
REM INSERTING into AIR2JAVA.PROGRAMME
SET DEFINE OFF;
REM INSERTING into AIR2JAVA.REGIONS
SET DEFINE OFF;
REM INSERTING into AIR2JAVA.RENCONTRES
SET DEFINE OFF;
REM INSERTING into AIR2JAVA.REPRESENTE_PAYS
SET DEFINE OFF;
REM INSERTING into AIR2JAVA.REPRESENTE_REGION
SET DEFINE OFF;
REM INSERTING into AIR2JAVA.RESPONSABILITE
SET DEFINE OFF;
REM INSERTING into AIR2JAVA.RESPONSABILITES
SET DEFINE OFF;
REM INSERTING into AIR2JAVA.SE_COMPOSE_DE
SET DEFINE OFF;
REM INSERTING into AIR2JAVA.SE_DEROULE
SET DEFINE OFF;
REM INSERTING into AIR2JAVA.SPECIALITE
SET DEFINE OFF;
REM INSERTING into AIR2JAVA.SPECIALITES
SET DEFINE OFF;
Insert into AIR2JAVA.SPECIALITES (ID_SPECIALITE,SPECIALITE_LABEL) values ('10','musicien');
Insert into AIR2JAVA.SPECIALITES (ID_SPECIALITE,SPECIALITE_LABEL) values ('11','soliste');
Insert into AIR2JAVA.SPECIALITES (ID_SPECIALITE,SPECIALITE_LABEL) values ('12','accompagnemnt');
Insert into AIR2JAVA.SPECIALITES (ID_SPECIALITE,SPECIALITE_LABEL) values ('20','chanteur');
Insert into AIR2JAVA.SPECIALITES (ID_SPECIALITE,SPECIALITE_LABEL) values ('21','soliste');
Insert into AIR2JAVA.SPECIALITES (ID_SPECIALITE,SPECIALITE_LABEL) values ('22','choriste');
Insert into AIR2JAVA.SPECIALITES (ID_SPECIALITE,SPECIALITE_LABEL) values ('23','lyrique');
Insert into AIR2JAVA.SPECIALITES (ID_SPECIALITE,SPECIALITE_LABEL) values ('24','t√©nor');
Insert into AIR2JAVA.SPECIALITES (ID_SPECIALITE,SPECIALITE_LABEL) values ('25','soprano');
Insert into AIR2JAVA.SPECIALITES (ID_SPECIALITE,SPECIALITE_LABEL) values ('26','contralto');
Insert into AIR2JAVA.SPECIALITES (ID_SPECIALITE,SPECIALITE_LABEL) values ('27','baryton');
Insert into AIR2JAVA.SPECIALITES (ID_SPECIALITE,SPECIALITE_LABEL) values ('40','auteur-compositeur-interpr√®te');
Insert into AIR2JAVA.SPECIALITES (ID_SPECIALITE,SPECIALITE_LABEL) values ('41','Parolier');
Insert into AIR2JAVA.SPECIALITES (ID_SPECIALITE,SPECIALITE_LABEL) values ('42','compositeur');
Insert into AIR2JAVA.SPECIALITES (ID_SPECIALITE,SPECIALITE_LABEL) values ('50','danseur');
Insert into AIR2JAVA.SPECIALITES (ID_SPECIALITE,SPECIALITE_LABEL) values ('60','conteur');
Insert into AIR2JAVA.SPECIALITES (ID_SPECIALITE,SPECIALITE_LABEL) values ('90','enseignant');
REM INSERTING into AIR2JAVA.TELEPHONES
SET DEFINE OFF;
Insert into AIR2JAVA.TELEPHONES (ID_TELEPHONE,NUM_TELEPHONE) values ('11','1234567890');
Insert into AIR2JAVA.TELEPHONES (ID_TELEPHONE,NUM_TELEPHONE) values ('12','1234567891');
Insert into AIR2JAVA.TELEPHONES (ID_TELEPHONE,NUM_TELEPHONE) values ('13','1234567892');
Insert into AIR2JAVA.TELEPHONES (ID_TELEPHONE,NUM_TELEPHONE) values ('14','1234567893');
Insert into AIR2JAVA.TELEPHONES (ID_TELEPHONE,NUM_TELEPHONE) values ('15','1234567894');
Insert into AIR2JAVA.TELEPHONES (ID_TELEPHONE,NUM_TELEPHONE) values ('16','1234567895');
Insert into AIR2JAVA.TELEPHONES (ID_TELEPHONE,NUM_TELEPHONE) values ('17','1234567896');
Insert into AIR2JAVA.TELEPHONES (ID_TELEPHONE,NUM_TELEPHONE) values ('18','1234567897');
Insert into AIR2JAVA.TELEPHONES (ID_TELEPHONE,NUM_TELEPHONE) values ('19','1234567898');
Insert into AIR2JAVA.TELEPHONES (ID_TELEPHONE,NUM_TELEPHONE) values ('20','1234567899');
Insert into AIR2JAVA.TELEPHONES (ID_TELEPHONE,NUM_TELEPHONE) values ('21','1234567900');
Insert into AIR2JAVA.TELEPHONES (ID_TELEPHONE,NUM_TELEPHONE) values ('22','1234567901');
Insert into AIR2JAVA.TELEPHONES (ID_TELEPHONE,NUM_TELEPHONE) values ('23','1234567902');
Insert into AIR2JAVA.TELEPHONES (ID_TELEPHONE,NUM_TELEPHONE) values ('24','1234567903');
Insert into AIR2JAVA.TELEPHONES (ID_TELEPHONE,NUM_TELEPHONE) values ('25','1234567904');
Insert into AIR2JAVA.TELEPHONES (ID_TELEPHONE,NUM_TELEPHONE) values ('26','1234567905');
Insert into AIR2JAVA.TELEPHONES (ID_TELEPHONE,NUM_TELEPHONE) values ('27','1234567906');
Insert into AIR2JAVA.TELEPHONES (ID_TELEPHONE,NUM_TELEPHONE) values ('28','1234567907');
Insert into AIR2JAVA.TELEPHONES (ID_TELEPHONE,NUM_TELEPHONE) values ('29','1234567908');
Insert into AIR2JAVA.TELEPHONES (ID_TELEPHONE,NUM_TELEPHONE) values ('30','1234567909');
Insert into AIR2JAVA.TELEPHONES (ID_TELEPHONE,NUM_TELEPHONE) values ('31','1234567910');
Insert into AIR2JAVA.TELEPHONES (ID_TELEPHONE,NUM_TELEPHONE) values ('32','1234567911');
Insert into AIR2JAVA.TELEPHONES (ID_TELEPHONE,NUM_TELEPHONE) values ('33','1234567912');
Insert into AIR2JAVA.TELEPHONES (ID_TELEPHONE,NUM_TELEPHONE) values ('34','1234567913');
Insert into AIR2JAVA.TELEPHONES (ID_TELEPHONE,NUM_TELEPHONE) values ('35','1234567914');
Insert into AIR2JAVA.TELEPHONES (ID_TELEPHONE,NUM_TELEPHONE) values ('36','1234567915');
Insert into AIR2JAVA.TELEPHONES (ID_TELEPHONE,NUM_TELEPHONE) values ('37','1234567916');
Insert into AIR2JAVA.TELEPHONES (ID_TELEPHONE,NUM_TELEPHONE) values ('38','1234567917');
Insert into AIR2JAVA.TELEPHONES (ID_TELEPHONE,NUM_TELEPHONE) values ('39','1234567918');
Insert into AIR2JAVA.TELEPHONES (ID_TELEPHONE,NUM_TELEPHONE) values ('40','1234567919');
Insert into AIR2JAVA.TELEPHONES (ID_TELEPHONE,NUM_TELEPHONE) values ('41','1234567920');
Insert into AIR2JAVA.TELEPHONES (ID_TELEPHONE,NUM_TELEPHONE) values ('42','1234567921');
Insert into AIR2JAVA.TELEPHONES (ID_TELEPHONE,NUM_TELEPHONE) values ('43','1234567922');
Insert into AIR2JAVA.TELEPHONES (ID_TELEPHONE,NUM_TELEPHONE) values ('44','1234567923');
Insert into AIR2JAVA.TELEPHONES (ID_TELEPHONE,NUM_TELEPHONE) values ('45','1234567924');
Insert into AIR2JAVA.TELEPHONES (ID_TELEPHONE,NUM_TELEPHONE) values ('46','1234567925');
Insert into AIR2JAVA.TELEPHONES (ID_TELEPHONE,NUM_TELEPHONE) values ('47','1234567926');
Insert into AIR2JAVA.TELEPHONES (ID_TELEPHONE,NUM_TELEPHONE) values ('48','1234567927');
Insert into AIR2JAVA.TELEPHONES (ID_TELEPHONE,NUM_TELEPHONE) values ('49','1234567928');
Insert into AIR2JAVA.TELEPHONES (ID_TELEPHONE,NUM_TELEPHONE) values ('50','1234567929');
Insert into AIR2JAVA.TELEPHONES (ID_TELEPHONE,NUM_TELEPHONE) values ('51','1234567930');
Insert into AIR2JAVA.TELEPHONES (ID_TELEPHONE,NUM_TELEPHONE) values ('52','1234567931');
Insert into AIR2JAVA.TELEPHONES (ID_TELEPHONE,NUM_TELEPHONE) values ('53','1234567932');
Insert into AIR2JAVA.TELEPHONES (ID_TELEPHONE,NUM_TELEPHONE) values ('54','1234567933');
Insert into AIR2JAVA.TELEPHONES (ID_TELEPHONE,NUM_TELEPHONE) values ('55','1234567934');
Insert into AIR2JAVA.TELEPHONES (ID_TELEPHONE,NUM_TELEPHONE) values ('56','1234567935');
Insert into AIR2JAVA.TELEPHONES (ID_TELEPHONE,NUM_TELEPHONE) values ('57','1234567936');
Insert into AIR2JAVA.TELEPHONES (ID_TELEPHONE,NUM_TELEPHONE) values ('58','1234567937');
Insert into AIR2JAVA.TELEPHONES (ID_TELEPHONE,NUM_TELEPHONE) values ('59','1234567938');
Insert into AIR2JAVA.TELEPHONES (ID_TELEPHONE,NUM_TELEPHONE) values ('60','1234567939');
Insert into AIR2JAVA.TELEPHONES (ID_TELEPHONE,NUM_TELEPHONE) values ('61','1234567940');
Insert into AIR2JAVA.TELEPHONES (ID_TELEPHONE,NUM_TELEPHONE) values ('62','1234567941');
REM INSERTING into AIR2JAVA.TELEPHONETYPES
SET DEFINE OFF;
Insert into AIR2JAVA.TELEPHONETYPES (ID_TELTYPE,TELTYPE_LABEL,TELTYPE_USAGE) values ('21','telBureau','t√©l√©phone fixe du bureau');
Insert into AIR2JAVA.TELEPHONETYPES (ID_TELTYPE,TELTYPE_LABEL,TELTYPE_USAGE) values ('11','telDomicile','t√©l√©phone fixe du domicile');
Insert into AIR2JAVA.TELEPHONETYPES (ID_TELTYPE,TELTYPE_LABEL,TELTYPE_USAGE) values ('23','telFaxBureau','fax du bureau');
Insert into AIR2JAVA.TELEPHONETYPES (ID_TELTYPE,TELTYPE_LABEL,TELTYPE_USAGE) values ('32','telVoiture','t√©l√©phone de la voiture');
Insert into AIR2JAVA.TELEPHONETYPES (ID_TELTYPE,TELTYPE_LABEL,TELTYPE_USAGE) values ('33','telAutre','autres types');
Insert into AIR2JAVA.TELEPHONETYPES (ID_TELTYPE,TELTYPE_LABEL,TELTYPE_USAGE) values ('22','telMobileBureau','t√©l√©phone mobile du bureau');
Insert into AIR2JAVA.TELEPHONETYPES (ID_TELTYPE,TELTYPE_LABEL,TELTYPE_USAGE) values ('12','telMobileDomicile','t√©l√©phone mobile du domicile');
Insert into AIR2JAVA.TELEPHONETYPES (ID_TELTYPE,TELTYPE_LABEL,TELTYPE_USAGE) values ('13','telFaxDomicile','fax du domicile');
Insert into AIR2JAVA.TELEPHONETYPES (ID_TELTYPE,TELTYPE_LABEL,TELTYPE_USAGE) values ('31','telPersonnalis√©','type personnalis√©');
--------------------------------------------------------
--  DDL for Index PK_REPRESENTE_PAYS
--------------------------------------------------------

  CREATE UNIQUE INDEX "AIR2JAVA"."PK_REPRESENTE_PAYS" ON "AIR2JAVA"."REPRESENTE_PAYS" ("ID_GROUPE", "ID_PAYS") 
  PCTFREE 10 INITRANS 2 MAXTRANS 255 
  STORAGE(INITIAL 65536 NEXT 1048576 MINEXTENTS 1 MAXEXTENTS 2147483645
  PCTINCREASE 0 FREELISTS 1 FREELIST GROUPS 1 BUFFER_POOL DEFAULT FLASH_CACHE DEFAULT CELL_FLASH_CACHE DEFAULT)
  TABLESPACE "USERS" ;
--------------------------------------------------------
--  DDL for Index PK_EST_RESPONSABLE
--------------------------------------------------------

  CREATE UNIQUE INDEX "AIR2JAVA"."PK_EST_RESPONSABLE" ON "AIR2JAVA"."EST_RESPONSABLE" ("ID_RESPONSABILITE") 
  PCTFREE 10 INITRANS 2 MAXTRANS 255 
  STORAGE(INITIAL 65536 NEXT 1048576 MINEXTENTS 1 MAXEXTENTS 2147483645
  PCTINCREASE 0 FREELISTS 1 FREELIST GROUPS 1 BUFFER_POOL DEFAULT FLASH_CACHE DEFAULT CELL_FLASH_CACHE DEFAULT)
  TABLESPACE "USERS" ;
--------------------------------------------------------
--  DDL for Index I_FK_REPRESENTE_REGION_GROUPES
--------------------------------------------------------

  CREATE INDEX "AIR2JAVA"."I_FK_REPRESENTE_REGION_GROUPES" ON "AIR2JAVA"."REPRESENTE_REGION" ("ID_GROUPE") 
  PCTFREE 10 INITRANS 2 MAXTRANS 255 COMPUTE STATISTICS 
  STORAGE(INITIAL 65536 NEXT 1048576 MINEXTENTS 1 MAXEXTENTS 2147483645
  PCTINCREASE 0 FREELISTS 1 FREELIST GROUPS 1 BUFFER_POOL DEFAULT FLASH_CACHE DEFAULT CELL_FLASH_CACHE DEFAULT)
  TABLESPACE "USERS" ;
--------------------------------------------------------
--  DDL for Index PK_ADRESSETYPES
--------------------------------------------------------

  CREATE UNIQUE INDEX "AIR2JAVA"."PK_ADRESSETYPES" ON "AIR2JAVA"."ADRESSETYPES" ("ID_ADRESSETYPE") 
  PCTFREE 10 INITRANS 2 MAXTRANS 255 
  STORAGE(INITIAL 65536 NEXT 1048576 MINEXTENTS 1 MAXEXTENTS 2147483645
  PCTINCREASE 0 FREELISTS 1 FREELIST GROUPS 1 BUFFER_POOL DEFAULT FLASH_CACHE DEFAULT CELL_FLASH_CACHE DEFAULT)
  TABLESPACE "USERS" ;
--------------------------------------------------------
--  DDL for Index PK_RESPONSABILITES
--------------------------------------------------------

  CREATE UNIQUE INDEX "AIR2JAVA"."PK_RESPONSABILITES" ON "AIR2JAVA"."RESPONSABILITES" ("ID_RESPONSABILITE") 
  PCTFREE 10 INITRANS 2 MAXTRANS 255 
  STORAGE(INITIAL 65536 NEXT 1048576 MINEXTENTS 1 MAXEXTENTS 2147483645
  PCTINCREASE 0 FREELISTS 1 FREELIST GROUPS 1 BUFFER_POOL DEFAULT FLASH_CACHE DEFAULT CELL_FLASH_CACHE DEFAULT)
  TABLESPACE "USERS" ;
--------------------------------------------------------
--  DDL for Index PK_REPRESENTE_REGION
--------------------------------------------------------

  CREATE UNIQUE INDEX "AIR2JAVA"."PK_REPRESENTE_REGION" ON "AIR2JAVA"."REPRESENTE_REGION" ("ID_GROUPE", "ID_REGION") 
  PCTFREE 10 INITRANS 2 MAXTRANS 255 
  STORAGE(INITIAL 65536 NEXT 1048576 MINEXTENTS 1 MAXEXTENTS 2147483645
  PCTINCREASE 0 FREELISTS 1 FREELIST GROUPS 1 BUFFER_POOL DEFAULT FLASH_CACHE DEFAULT CELL_FLASH_CACHE DEFAULT)
  TABLESPACE "USERS" ;
--------------------------------------------------------
--  DDL for Index PK_SPECIALITES
--------------------------------------------------------

  CREATE UNIQUE INDEX "AIR2JAVA"."PK_SPECIALITES" ON "AIR2JAVA"."SPECIALITES" ("ID_SPECIALITE") 
  PCTFREE 10 INITRANS 2 MAXTRANS 255 
  STORAGE(INITIAL 65536 NEXT 1048576 MINEXTENTS 1 MAXEXTENTS 2147483645
  PCTINCREASE 0 FREELISTS 1 FREELIST GROUPS 1 BUFFER_POOL DEFAULT FLASH_CACHE DEFAULT CELL_FLASH_CACHE DEFAULT)
  TABLESPACE "USERS" ;
--------------------------------------------------------
--  DDL for Index PK_JOUE_EN_TANT_QUE
--------------------------------------------------------

  CREATE UNIQUE INDEX "AIR2JAVA"."PK_JOUE_EN_TANT_QUE" ON "AIR2JAVA"."JOUE_EN_TANT_QUE" ("ID_INDIVIDU", "ID_SPECIALITE", "ID_INSTRUMENT") 
  PCTFREE 10 INITRANS 2 MAXTRANS 255 
  STORAGE(INITIAL 65536 NEXT 1048576 MINEXTENTS 1 MAXEXTENTS 2147483645
  PCTINCREASE 0 FREELISTS 1 FREELIST GROUPS 1 BUFFER_POOL DEFAULT FLASH_CACHE DEFAULT CELL_FLASH_CACHE DEFAULT)
  TABLESPACE "USERS" ;
--------------------------------------------------------
--  DDL for Index PK_LIEUX
--------------------------------------------------------

  CREATE UNIQUE INDEX "AIR2JAVA"."PK_LIEUX" ON "AIR2JAVA"."LIEUX" ("ID_LIEU") 
  PCTFREE 10 INITRANS 2 MAXTRANS 255 
  STORAGE(INITIAL 65536 NEXT 1048576 MINEXTENTS 1 MAXEXTENTS 2147483645
  PCTINCREASE 0 FREELISTS 1 FREELIST GROUPS 1 BUFFER_POOL DEFAULT FLASH_CACHE DEFAULT CELL_FLASH_CACHE DEFAULT)
  TABLESPACE "USERS" ;
--------------------------------------------------------
--  DDL for Index I_FK_REPRESENTE_PAYS_PAYS
--------------------------------------------------------

  CREATE INDEX "AIR2JAVA"."I_FK_REPRESENTE_PAYS_PAYS" ON "AIR2JAVA"."REPRESENTE_PAYS" ("ID_PAYS") 
  PCTFREE 10 INITRANS 2 MAXTRANS 255 COMPUTE STATISTICS 
  STORAGE(INITIAL 65536 NEXT 1048576 MINEXTENTS 1 MAXEXTENTS 2147483645
  PCTINCREASE 0 FREELISTS 1 FREELIST GROUPS 1 BUFFER_POOL DEFAULT FLASH_CACHE DEFAULT CELL_FLASH_CACHE DEFAULT)
  TABLESPACE "USERS" ;
--------------------------------------------------------
--  DDL for Index PK_TELEPHONES
--------------------------------------------------------

  CREATE UNIQUE INDEX "AIR2JAVA"."PK_TELEPHONES" ON "AIR2JAVA"."TELEPHONES" ("ID_TELEPHONE") 
  PCTFREE 10 INITRANS 2 MAXTRANS 255 
  STORAGE(INITIAL 65536 NEXT 1048576 MINEXTENTS 1 MAXEXTENTS 2147483645
  PCTINCREASE 0 FREELISTS 1 FREELIST GROUPS 1 BUFFER_POOL DEFAULT FLASH_CACHE DEFAULT CELL_FLASH_CACHE DEFAULT)
  TABLESPACE "USERS" ;
--------------------------------------------------------
--  DDL for Index PK_INSTRUMENTS
--------------------------------------------------------

  CREATE UNIQUE INDEX "AIR2JAVA"."PK_INSTRUMENTS" ON "AIR2JAVA"."INSTRUMENTS" ("ID_INSTRUMENT") 
  PCTFREE 10 INITRANS 2 MAXTRANS 255 
  STORAGE(INITIAL 65536 NEXT 1048576 MINEXTENTS 1 MAXEXTENTS 2147483645
  PCTINCREASE 0 FREELISTS 1 FREELIST GROUPS 1 BUFFER_POOL DEFAULT FLASH_CACHE DEFAULT CELL_FLASH_CACHE DEFAULT)
  TABLESPACE "USERS" ;
--------------------------------------------------------
--  DDL for Index I_FK_FONCTION_INDIVIDUS
--------------------------------------------------------

  CREATE INDEX "AIR2JAVA"."I_FK_FONCTION_INDIVIDUS" ON "AIR2JAVA"."FONCTION" ("ID_INDIVIDU") 
  PCTFREE 10 INITRANS 2 MAXTRANS 255 COMPUTE STATISTICS 
  STORAGE(INITIAL 65536 NEXT 1048576 MINEXTENTS 1 MAXEXTENTS 2147483645
  PCTINCREASE 0 FREELISTS 1 FREELIST GROUPS 1 BUFFER_POOL DEFAULT FLASH_CACHE DEFAULT CELL_FLASH_CACHE DEFAULT)
  TABLESPACE "USERS" ;
--------------------------------------------------------
--  DDL for Index I_FK_JOUE_EN_TANT_QUE_SPECIALI
--------------------------------------------------------

  CREATE INDEX "AIR2JAVA"."I_FK_JOUE_EN_TANT_QUE_SPECIALI" ON "AIR2JAVA"."JOUE_EN_TANT_QUE" ("ID_SPECIALITE") 
  PCTFREE 10 INITRANS 2 MAXTRANS 255 COMPUTE STATISTICS 
  STORAGE(INITIAL 65536 NEXT 1048576 MINEXTENTS 1 MAXEXTENTS 2147483645
  PCTINCREASE 0 FREELISTS 1 FREELIST GROUPS 1 BUFFER_POOL DEFAULT FLASH_CACHE DEFAULT CELL_FLASH_CACHE DEFAULT)
  TABLESPACE "USERS" ;
--------------------------------------------------------
--  DDL for Index PK_ADRESSES
--------------------------------------------------------

  CREATE UNIQUE INDEX "AIR2JAVA"."PK_ADRESSES" ON "AIR2JAVA"."ADRESSES" ("ID_ADRESSE") 
  PCTFREE 10 INITRANS 2 MAXTRANS 255 
  STORAGE(INITIAL 65536 NEXT 1048576 MINEXTENTS 1 MAXEXTENTS 2147483645
  PCTINCREASE 0 FREELISTS 1 FREELIST GROUPS 1 BUFFER_POOL DEFAULT FLASH_CACHE DEFAULT CELL_FLASH_CACHE DEFAULT)
  TABLESPACE "USERS" ;
--------------------------------------------------------
--  DDL for Index PK_OEUVRETYPES
--------------------------------------------------------

  CREATE UNIQUE INDEX "AIR2JAVA"."PK_OEUVRETYPES" ON "AIR2JAVA"."OEUVRETYPES" ("ID_OEUVRETYPE") 
  PCTFREE 10 INITRANS 2 MAXTRANS 255 
  STORAGE(INITIAL 65536 NEXT 1048576 MINEXTENTS 1 MAXEXTENTS 2147483645
  PCTINCREASE 0 FREELISTS 1 FREELIST GROUPS 1 BUFFER_POOL DEFAULT FLASH_CACHE DEFAULT CELL_FLASH_CACHE DEFAULT)
  TABLESPACE "USERS" ;
--------------------------------------------------------
--  DDL for Index PK_INDIVIDUS
--------------------------------------------------------

  CREATE UNIQUE INDEX "AIR2JAVA"."PK_INDIVIDUS" ON "AIR2JAVA"."INDIVIDUS" ("ID_INDIVIDU") 
  PCTFREE 10 INITRANS 2 MAXTRANS 255 
  STORAGE(INITIAL 65536 NEXT 1048576 MINEXTENTS 1 MAXEXTENTS 2147483645
  PCTINCREASE 0 FREELISTS 1 FREELIST GROUPS 1 BUFFER_POOL DEFAULT FLASH_CACHE DEFAULT CELL_FLASH_CACHE DEFAULT)
  TABLESPACE "USERS" ;
--------------------------------------------------------
--  DDL for Index I_FK_JOUEE_EN_TANT_QUE_INSTUME
--------------------------------------------------------

  CREATE INDEX "AIR2JAVA"."I_FK_JOUEE_EN_TANT_QUE_INSTUME" ON "AIR2JAVA"."JOUEE_EN_TANT_QUE" ("ID_INSTRUMENT") 
  PCTFREE 10 INITRANS 2 MAXTRANS 255 COMPUTE STATISTICS 
  STORAGE(INITIAL 65536 NEXT 1048576 MINEXTENTS 1 MAXEXTENTS 2147483645
  PCTINCREASE 0 FREELISTS 1 FREELIST GROUPS 1 BUFFER_POOL DEFAULT FLASH_CACHE DEFAULT CELL_FLASH_CACHE DEFAULT)
  TABLESPACE "USERS" ;
--------------------------------------------------------
--  DDL for Index I_FK_PROGRAMME_GROUPES
--------------------------------------------------------

  CREATE INDEX "AIR2JAVA"."I_FK_PROGRAMME_GROUPES" ON "AIR2JAVA"."PROGRAMME" ("ID_GROUPE") 
  PCTFREE 10 INITRANS 2 MAXTRANS 255 COMPUTE STATISTICS 
  STORAGE(INITIAL 65536 NEXT 1048576 MINEXTENTS 1 MAXEXTENTS 2147483645
  PCTINCREASE 0 FREELISTS 1 FREELIST GROUPS 1 BUFFER_POOL DEFAULT FLASH_CACHE DEFAULT CELL_FLASH_CACHE DEFAULT)
  TABLESPACE "USERS" ;
--------------------------------------------------------
--  DDL for Index I_FK_EST_MEMBRE_FONCTIONS
--------------------------------------------------------

  CREATE INDEX "AIR2JAVA"."I_FK_EST_MEMBRE_FONCTIONS" ON "AIR2JAVA"."EST_MEMBRE" ("ID_FONCTION") 
  PCTFREE 10 INITRANS 2 MAXTRANS 255 COMPUTE STATISTICS 
  STORAGE(INITIAL 65536 NEXT 1048576 MINEXTENTS 1 MAXEXTENTS 2147483645
  PCTINCREASE 0 FREELISTS 1 FREELIST GROUPS 1 BUFFER_POOL DEFAULT FLASH_CACHE DEFAULT CELL_FLASH_CACHE DEFAULT)
  TABLESPACE "USERS" ;
--------------------------------------------------------
--  DDL for Index I_FK_EST_AUTEUR_OEUVRES
--------------------------------------------------------

  CREATE INDEX "AIR2JAVA"."I_FK_EST_AUTEUR_OEUVRES" ON "AIR2JAVA"."EST_AUTEUR" ("ID_OEUVRE") 
  PCTFREE 10 INITRANS 2 MAXTRANS 255 COMPUTE STATISTICS 
  STORAGE(INITIAL 65536 NEXT 1048576 MINEXTENTS 1 MAXEXTENTS 2147483645
  PCTINCREASE 0 FREELISTS 1 FREELIST GROUPS 1 BUFFER_POOL DEFAULT FLASH_CACHE DEFAULT CELL_FLASH_CACHE DEFAULT)
  TABLESPACE "USERS" ;
--------------------------------------------------------
--  DDL for Index I_FK_EST_AUTEUR_INDIVIDUS
--------------------------------------------------------

  CREATE INDEX "AIR2JAVA"."I_FK_EST_AUTEUR_INDIVIDUS" ON "AIR2JAVA"."EST_AUTEUR" ("ID_INDIVIDU") 
  PCTFREE 10 INITRANS 2 MAXTRANS 255 COMPUTE STATISTICS 
  STORAGE(INITIAL 65536 NEXT 1048576 MINEXTENTS 1 MAXEXTENTS 2147483645
  PCTINCREASE 0 FREELISTS 1 FREELIST GROUPS 1 BUFFER_POOL DEFAULT FLASH_CACHE DEFAULT CELL_FLASH_CACHE DEFAULT)
  TABLESPACE "USERS" ;
--------------------------------------------------------
--  DDL for Index PK_LIEUXREPRESENTATION
--------------------------------------------------------

  CREATE UNIQUE INDEX "AIR2JAVA"."PK_LIEUXREPRESENTATION" ON "AIR2JAVA"."LIEUXREPRESENTATION" ("ID_LIEUREPRESENTATION") 
  PCTFREE 10 INITRANS 2 MAXTRANS 255 
  STORAGE(INITIAL 65536 NEXT 1048576 MINEXTENTS 1 MAXEXTENTS 2147483645
  PCTINCREASE 0 FREELISTS 1 FREELIST GROUPS 1 BUFFER_POOL DEFAULT FLASH_CACHE DEFAULT CELL_FLASH_CACHE DEFAULT)
  TABLESPACE "USERS" ;
--------------------------------------------------------
--  DDL for Index PK_JOUEE_EN_TANT_QUE
--------------------------------------------------------

  CREATE UNIQUE INDEX "AIR2JAVA"."PK_JOUEE_EN_TANT_QUE" ON "AIR2JAVA"."JOUEE_EN_TANT_QUE" ("ID_SPECIALITE", "ID_INSTRUMENT") 
  PCTFREE 10 INITRANS 2 MAXTRANS 255 
  STORAGE(INITIAL 65536 NEXT 1048576 MINEXTENTS 1 MAXEXTENTS 2147483645
  PCTINCREASE 0 FREELISTS 1 FREELIST GROUPS 1 BUFFER_POOL DEFAULT FLASH_CACHE DEFAULT CELL_FLASH_CACHE DEFAULT)
  TABLESPACE "USERS" ;
--------------------------------------------------------
--  DDL for Index I_FK_REPRESENTE_PAYS_GROUPES
--------------------------------------------------------

  CREATE INDEX "AIR2JAVA"."I_FK_REPRESENTE_PAYS_GROUPES" ON "AIR2JAVA"."REPRESENTE_PAYS" ("ID_GROUPE") 
  PCTFREE 10 INITRANS 2 MAXTRANS 255 COMPUTE STATISTICS 
  STORAGE(INITIAL 65536 NEXT 1048576 MINEXTENTS 1 MAXEXTENTS 2147483645
  PCTINCREASE 0 FREELISTS 1 FREELIST GROUPS 1 BUFFER_POOL DEFAULT FLASH_CACHE DEFAULT CELL_FLASH_CACHE DEFAULT)
  TABLESPACE "USERS" ;
--------------------------------------------------------
--  DDL for Index PK_COMPOSE
--------------------------------------------------------

  CREATE UNIQUE INDEX "AIR2JAVA"."PK_COMPOSE" ON "AIR2JAVA"."COMPOSE" ("ID_PAYS", "ID_REGION") 
  PCTFREE 10 INITRANS 2 MAXTRANS 255 
  STORAGE(INITIAL 65536 NEXT 1048576 MINEXTENTS 1 MAXEXTENTS 2147483645
  PCTINCREASE 0 FREELISTS 1 FREELIST GROUPS 1 BUFFER_POOL DEFAULT FLASH_CACHE DEFAULT CELL_FLASH_CACHE DEFAULT)
  TABLESPACE "USERS" ;
--------------------------------------------------------
--  DDL for Index PK_PAYS
--------------------------------------------------------

  CREATE UNIQUE INDEX "AIR2JAVA"."PK_PAYS" ON "AIR2JAVA"."PAYS" ("ID_PAYS") 
  PCTFREE 10 INITRANS 2 MAXTRANS 255 
  STORAGE(INITIAL 65536 NEXT 1048576 MINEXTENTS 1 MAXEXTENTS 2147483645
  PCTINCREASE 0 FREELISTS 1 FREELIST GROUPS 1 BUFFER_POOL DEFAULT FLASH_CACHE DEFAULT CELL_FLASH_CACHE DEFAULT)
  TABLESPACE "USERS" ;
--------------------------------------------------------
--  DDL for Index I_FK_SE_DEROULE_LIEUX
--------------------------------------------------------

  CREATE INDEX "AIR2JAVA"."I_FK_SE_DEROULE_LIEUX" ON "AIR2JAVA"."SE_DEROULE" ("ID_LIEU") 
  PCTFREE 10 INITRANS 2 MAXTRANS 255 COMPUTE STATISTICS 
  STORAGE(INITIAL 65536 NEXT 1048576 MINEXTENTS 1 MAXEXTENTS 2147483645
  PCTINCREASE 0 FREELISTS 1 FREELIST GROUPS 1 BUFFER_POOL DEFAULT FLASH_CACHE DEFAULT CELL_FLASH_CACHE DEFAULT)
  TABLESPACE "USERS" ;
--------------------------------------------------------
--  DDL for Index I_FK_EST_RESPONSABLE_INDIVIDUS
--------------------------------------------------------

  CREATE INDEX "AIR2JAVA"."I_FK_EST_RESPONSABLE_INDIVIDUS" ON "AIR2JAVA"."EST_RESPONSABLE" ("ID_INDIVIDU") 
  PCTFREE 10 INITRANS 2 MAXTRANS 255 COMPUTE STATISTICS 
  STORAGE(INITIAL 65536 NEXT 1048576 MINEXTENTS 1 MAXEXTENTS 2147483645
  PCTINCREASE 0 FREELISTS 1 FREELIST GROUPS 1 BUFFER_POOL DEFAULT FLASH_CACHE DEFAULT CELL_FLASH_CACHE DEFAULT)
  TABLESPACE "USERS" ;
--------------------------------------------------------
--  DDL for Index PK_A_POUR_EMAIL
--------------------------------------------------------

  CREATE UNIQUE INDEX "AIR2JAVA"."PK_A_POUR_EMAIL" ON "AIR2JAVA"."A_POUR_EMAIL" ("ID_EMAIL", "ID_INDIVIDU") 
  PCTFREE 10 INITRANS 2 MAXTRANS 255 
  STORAGE(INITIAL 65536 NEXT 1048576 MINEXTENTS 1 MAXEXTENTS 2147483645
  PCTINCREASE 0 FREELISTS 1 FREELIST GROUPS 1 BUFFER_POOL DEFAULT FLASH_CACHE DEFAULT CELL_FLASH_CACHE DEFAULT)
  TABLESPACE "USERS" ;
--------------------------------------------------------
--  DDL for Index PK_REGIONS
--------------------------------------------------------

  CREATE UNIQUE INDEX "AIR2JAVA"."PK_REGIONS" ON "AIR2JAVA"."REGIONS" ("ID_REGION") 
  PCTFREE 10 INITRANS 2 MAXTRANS 255 
  STORAGE(INITIAL 65536 NEXT 1048576 MINEXTENTS 1 MAXEXTENTS 2147483645
  PCTINCREASE 0 FREELISTS 1 FREELIST GROUPS 1 BUFFER_POOL DEFAULT FLASH_CACHE DEFAULT CELL_FLASH_CACHE DEFAULT)
  TABLESPACE "USERS" ;
--------------------------------------------------------
--  DDL for Index PK_A_POUR_TEL
--------------------------------------------------------

  CREATE UNIQUE INDEX "AIR2JAVA"."PK_A_POUR_TEL" ON "AIR2JAVA"."A_POUR_TEL" ("ID_INDIVIDU", "ID_TELEPHONE", "ID_TELTYPE") 
  PCTFREE 10 INITRANS 2 MAXTRANS 255 
  STORAGE(INITIAL 65536 NEXT 1048576 MINEXTENTS 1 MAXEXTENTS 2147483645
  PCTINCREASE 0 FREELISTS 1 FREELIST GROUPS 1 BUFFER_POOL DEFAULT FLASH_CACHE DEFAULT CELL_FLASH_CACHE DEFAULT)
  TABLESPACE "USERS" ;
--------------------------------------------------------
--  DDL for Index I_FK_A_POUR_TEL_TELEPHONETYPES
--------------------------------------------------------

  CREATE INDEX "AIR2JAVA"."I_FK_A_POUR_TEL_TELEPHONETYPES" ON "AIR2JAVA"."A_POUR_TEL" ("ID_TELTYPE") 
  PCTFREE 10 INITRANS 2 MAXTRANS 255 COMPUTE STATISTICS 
  STORAGE(INITIAL 65536 NEXT 1048576 MINEXTENTS 1 MAXEXTENTS 2147483645
  PCTINCREASE 0 FREELISTS 1 FREELIST GROUPS 1 BUFFER_POOL DEFAULT FLASH_CACHE DEFAULT CELL_FLASH_CACHE DEFAULT)
  TABLESPACE "USERS" ;
--------------------------------------------------------
--  DDL for Index I_FK_COMPOSE_PAYS
--------------------------------------------------------

  CREATE INDEX "AIR2JAVA"."I_FK_COMPOSE_PAYS" ON "AIR2JAVA"."COMPOSE" ("ID_PAYS") 
  PCTFREE 10 INITRANS 2 MAXTRANS 255 COMPUTE STATISTICS 
  STORAGE(INITIAL 65536 NEXT 1048576 MINEXTENTS 1 MAXEXTENTS 2147483645
  PCTINCREASE 0 FREELISTS 1 FREELIST GROUPS 1 BUFFER_POOL DEFAULT FLASH_CACHE DEFAULT CELL_FLASH_CACHE DEFAULT)
  TABLESPACE "USERS" ;
--------------------------------------------------------
--  DDL for Index I_FK_SE_COMPOSE_DE_PROGRAMME
--------------------------------------------------------

  CREATE INDEX "AIR2JAVA"."I_FK_SE_COMPOSE_DE_PROGRAMME" ON "AIR2JAVA"."SE_COMPOSE_DE" ("ID_PROGRAMME") 
  PCTFREE 10 INITRANS 2 MAXTRANS 255 COMPUTE STATISTICS 
  STORAGE(INITIAL 65536 NEXT 1048576 MINEXTENTS 1 MAXEXTENTS 2147483645
  PCTINCREASE 0 FREELISTS 1 FREELIST GROUPS 1 BUFFER_POOL DEFAULT FLASH_CACHE DEFAULT CELL_FLASH_CACHE DEFAULT)
  TABLESPACE "USERS" ;
--------------------------------------------------------
--  DDL for Index PK_JOUE
--------------------------------------------------------

  CREATE UNIQUE INDEX "AIR2JAVA"."PK_JOUE" ON "AIR2JAVA"."JOUE" ("ID_GROUPE", "ID_OEUVRE") 
  PCTFREE 10 INITRANS 2 MAXTRANS 255 
  STORAGE(INITIAL 65536 NEXT 1048576 MINEXTENTS 1 MAXEXTENTS 2147483645
  PCTINCREASE 0 FREELISTS 1 FREELIST GROUPS 1 BUFFER_POOL DEFAULT FLASH_CACHE DEFAULT CELL_FLASH_CACHE DEFAULT)
  TABLESPACE "USERS" ;
--------------------------------------------------------
--  DDL for Index I_FK_COMPOSE_REGIONS
--------------------------------------------------------

  CREATE INDEX "AIR2JAVA"."I_FK_COMPOSE_REGIONS" ON "AIR2JAVA"."COMPOSE" ("ID_REGION") 
  PCTFREE 10 INITRANS 2 MAXTRANS 255 COMPUTE STATISTICS 
  STORAGE(INITIAL 65536 NEXT 1048576 MINEXTENTS 1 MAXEXTENTS 2147483645
  PCTINCREASE 0 FREELISTS 1 FREELIST GROUPS 1 BUFFER_POOL DEFAULT FLASH_CACHE DEFAULT CELL_FLASH_CACHE DEFAULT)
  TABLESPACE "USERS" ;
--------------------------------------------------------
--  DDL for Index I_FK_LIEUX_ADRESSES
--------------------------------------------------------

  CREATE INDEX "AIR2JAVA"."I_FK_LIEUX_ADRESSES" ON "AIR2JAVA"."LIEUX" ("ID_ADRESSE") 
  PCTFREE 10 INITRANS 2 MAXTRANS 255 COMPUTE STATISTICS 
  STORAGE(INITIAL 65536 NEXT 1048576 MINEXTENTS 1 MAXEXTENTS 2147483645
  PCTINCREASE 0 FREELISTS 1 FREELIST GROUPS 1 BUFFER_POOL DEFAULT FLASH_CACHE DEFAULT CELL_FLASH_CACHE DEFAULT)
  TABLESPACE "USERS" ;
--------------------------------------------------------
--  DDL for Index I_FK_A_POUR_ADRESSE_ADRESSETYP
--------------------------------------------------------

  CREATE INDEX "AIR2JAVA"."I_FK_A_POUR_ADRESSE_ADRESSETYP" ON "AIR2JAVA"."A_POUR_ADRESSE" ("ID_ADRESSETYPE") 
  PCTFREE 10 INITRANS 2 MAXTRANS 255 COMPUTE STATISTICS 
  STORAGE(INITIAL 65536 NEXT 1048576 MINEXTENTS 1 MAXEXTENTS 2147483645
  PCTINCREASE 0 FREELISTS 1 FREELIST GROUPS 1 BUFFER_POOL DEFAULT FLASH_CACHE DEFAULT CELL_FLASH_CACHE DEFAULT)
  TABLESPACE "USERS" ;
--------------------------------------------------------
--  DDL for Index PK_GROUPES
--------------------------------------------------------

  CREATE UNIQUE INDEX "AIR2JAVA"."PK_GROUPES" ON "AIR2JAVA"."GROUPES" ("ID_GROUPE") 
  PCTFREE 10 INITRANS 2 MAXTRANS 255 
  STORAGE(INITIAL 65536 NEXT 1048576 MINEXTENTS 1 MAXEXTENTS 2147483645
  PCTINCREASE 0 FREELISTS 1 FREELIST GROUPS 1 BUFFER_POOL DEFAULT FLASH_CACHE DEFAULT CELL_FLASH_CACHE DEFAULT)
  TABLESPACE "USERS" ;
--------------------------------------------------------
--  DDL for Index I_FK_A_POUR_ADRESSE_ADRESSES
--------------------------------------------------------

  CREATE INDEX "AIR2JAVA"."I_FK_A_POUR_ADRESSE_ADRESSES" ON "AIR2JAVA"."A_POUR_ADRESSE" ("ID_ADRESSE") 
  PCTFREE 10 INITRANS 2 MAXTRANS 255 COMPUTE STATISTICS 
  STORAGE(INITIAL 65536 NEXT 1048576 MINEXTENTS 1 MAXEXTENTS 2147483645
  PCTINCREASE 0 FREELISTS 1 FREELIST GROUPS 1 BUFFER_POOL DEFAULT FLASH_CACHE DEFAULT CELL_FLASH_CACHE DEFAULT)
  TABLESPACE "USERS" ;
--------------------------------------------------------
--  DDL for Index PK_EST_MEMBRE
--------------------------------------------------------

  CREATE UNIQUE INDEX "AIR2JAVA"."PK_EST_MEMBRE" ON "AIR2JAVA"."EST_MEMBRE" ("ID_GROUPE", "ID_INDIVIDU", "ID_FONCTION") 
  PCTFREE 10 INITRANS 2 MAXTRANS 255 
  STORAGE(INITIAL 65536 NEXT 1048576 MINEXTENTS 1 MAXEXTENTS 2147483645
  PCTINCREASE 0 FREELISTS 1 FREELIST GROUPS 1 BUFFER_POOL DEFAULT FLASH_CACHE DEFAULT CELL_FLASH_CACHE DEFAULT)
  TABLESPACE "USERS" ;
--------------------------------------------------------
--  DDL for Index I_FK_EST_RESPONSABLE_GROUPES
--------------------------------------------------------

  CREATE INDEX "AIR2JAVA"."I_FK_EST_RESPONSABLE_GROUPES" ON "AIR2JAVA"."EST_RESPONSABLE" ("ID_GROUPE") 
  PCTFREE 10 INITRANS 2 MAXTRANS 255 COMPUTE STATISTICS 
  STORAGE(INITIAL 65536 NEXT 1048576 MINEXTENTS 1 MAXEXTENTS 2147483645
  PCTINCREASE 0 FREELISTS 1 FREELIST GROUPS 1 BUFFER_POOL DEFAULT FLASH_CACHE DEFAULT CELL_FLASH_CACHE DEFAULT)
  TABLESPACE "USERS" ;
--------------------------------------------------------
--  DDL for Index I_FK_EST_DE_TYPE_OEUVRETYPES
--------------------------------------------------------

  CREATE INDEX "AIR2JAVA"."I_FK_EST_DE_TYPE_OEUVRETYPES" ON "AIR2JAVA"."EST_DE_TYPE" ("ID_OEUVRETYPE") 
  PCTFREE 10 INITRANS 2 MAXTRANS 255 COMPUTE STATISTICS 
  STORAGE(INITIAL 65536 NEXT 1048576 MINEXTENTS 1 MAXEXTENTS 2147483645
  PCTINCREASE 0 FREELISTS 1 FREELIST GROUPS 1 BUFFER_POOL DEFAULT FLASH_CACHE DEFAULT CELL_FLASH_CACHE DEFAULT)
  TABLESPACE "USERS" ;
--------------------------------------------------------
--  DDL for Index PK_A_POUR_ADRESSE
--------------------------------------------------------

  CREATE UNIQUE INDEX "AIR2JAVA"."PK_A_POUR_ADRESSE" ON "AIR2JAVA"."A_POUR_ADRESSE" ("ID_INDIVIDU", "ID_ADRESSE", "ID_ADRESSETYPE") 
  PCTFREE 10 INITRANS 2 MAXTRANS 255 
  STORAGE(INITIAL 65536 NEXT 1048576 MINEXTENTS 1 MAXEXTENTS 2147483645
  PCTINCREASE 0 FREELISTS 1 FREELIST GROUPS 1 BUFFER_POOL DEFAULT FLASH_CACHE DEFAULT CELL_FLASH_CACHE DEFAULT)
  TABLESPACE "USERS" ;
--------------------------------------------------------
--  DDL for Index I_FK_SE_COMPOSE_DE_OEUVRES
--------------------------------------------------------

  CREATE INDEX "AIR2JAVA"."I_FK_SE_COMPOSE_DE_OEUVRES" ON "AIR2JAVA"."SE_COMPOSE_DE" ("ID_OEUVRE") 
  PCTFREE 10 INITRANS 2 MAXTRANS 255 COMPUTE STATISTICS 
  STORAGE(INITIAL 65536 NEXT 1048576 MINEXTENTS 1 MAXEXTENTS 2147483645
  PCTINCREASE 0 FREELISTS 1 FREELIST GROUPS 1 BUFFER_POOL DEFAULT FLASH_CACHE DEFAULT CELL_FLASH_CACHE DEFAULT)
  TABLESPACE "USERS" ;
--------------------------------------------------------
--  DDL for Index PK_SPECIALITE
--------------------------------------------------------

  CREATE UNIQUE INDEX "AIR2JAVA"."PK_SPECIALITE" ON "AIR2JAVA"."SPECIALITE" ("ID_SPECIALITE") 
  PCTFREE 10 INITRANS 2 MAXTRANS 255 
  STORAGE(INITIAL 65536 NEXT 1048576 MINEXTENTS 1 MAXEXTENTS 2147483645
  PCTINCREASE 0 FREELISTS 1 FREELIST GROUPS 1 BUFFER_POOL DEFAULT FLASH_CACHE DEFAULT CELL_FLASH_CACHE DEFAULT)
  TABLESPACE "USERS" ;
--------------------------------------------------------
--  DDL for Index PK_INSTUMENTS
--------------------------------------------------------

  CREATE UNIQUE INDEX "AIR2JAVA"."PK_INSTUMENTS" ON "AIR2JAVA"."INSTUMENTS" ("ID_INSTRUMENT") 
  PCTFREE 10 INITRANS 2 MAXTRANS 255 
  STORAGE(INITIAL 65536 NEXT 1048576 MINEXTENTS 1 MAXEXTENTS 2147483645
  PCTINCREASE 0 FREELISTS 1 FREELIST GROUPS 1 BUFFER_POOL DEFAULT FLASH_CACHE DEFAULT CELL_FLASH_CACHE DEFAULT)
  TABLESPACE "USERS" ;
--------------------------------------------------------
--  DDL for Index PK_FONCTIONS
--------------------------------------------------------

  CREATE UNIQUE INDEX "AIR2JAVA"."PK_FONCTIONS" ON "AIR2JAVA"."FONCTIONS" ("ID_FONCTION") 
  PCTFREE 10 INITRANS 2 MAXTRANS 255 
  STORAGE(INITIAL 65536 NEXT 1048576 MINEXTENTS 1 MAXEXTENTS 2147483645
  PCTINCREASE 0 FREELISTS 1 FREELIST GROUPS 1 BUFFER_POOL DEFAULT FLASH_CACHE DEFAULT CELL_FLASH_CACHE DEFAULT)
  TABLESPACE "USERS" ;
--------------------------------------------------------
--  DDL for Index I_FK_PROGRAMME_RENCONTRES
--------------------------------------------------------

  CREATE INDEX "AIR2JAVA"."I_FK_PROGRAMME_RENCONTRES" ON "AIR2JAVA"."PROGRAMME" ("ID_RENCONTRE") 
  PCTFREE 10 INITRANS 2 MAXTRANS 255 COMPUTE STATISTICS 
  STORAGE(INITIAL 65536 NEXT 1048576 MINEXTENTS 1 MAXEXTENTS 2147483645
  PCTINCREASE 0 FREELISTS 1 FREELIST GROUPS 1 BUFFER_POOL DEFAULT FLASH_CACHE DEFAULT CELL_FLASH_CACHE DEFAULT)
  TABLESPACE "USERS" ;
--------------------------------------------------------
--  DDL for Index PK_TELEPHONETYPES
--------------------------------------------------------

  CREATE UNIQUE INDEX "AIR2JAVA"."PK_TELEPHONETYPES" ON "AIR2JAVA"."TELEPHONETYPES" ("ID_TELTYPE") 
  PCTFREE 10 INITRANS 2 MAXTRANS 255 
  STORAGE(INITIAL 65536 NEXT 1048576 MINEXTENTS 1 MAXEXTENTS 2147483645
  PCTINCREASE 0 FREELISTS 1 FREELIST GROUPS 1 BUFFER_POOL DEFAULT FLASH_CACHE DEFAULT CELL_FLASH_CACHE DEFAULT)
  TABLESPACE "USERS" ;
--------------------------------------------------------
--  DDL for Index I_FK_SE_DEROULE_RENCONTRES
--------------------------------------------------------

  CREATE INDEX "AIR2JAVA"."I_FK_SE_DEROULE_RENCONTRES" ON "AIR2JAVA"."SE_DEROULE" ("ID_RENCONTRE") 
  PCTFREE 10 INITRANS 2 MAXTRANS 255 COMPUTE STATISTICS 
  STORAGE(INITIAL 65536 NEXT 1048576 MINEXTENTS 1 MAXEXTENTS 2147483645
  PCTINCREASE 0 FREELISTS 1 FREELIST GROUPS 1 BUFFER_POOL DEFAULT FLASH_CACHE DEFAULT CELL_FLASH_CACHE DEFAULT)
  TABLESPACE "USERS" ;
--------------------------------------------------------
--  DDL for Index I_FK_JOUE_EN_TANT_QUE_INDIVIDU
--------------------------------------------------------

  CREATE INDEX "AIR2JAVA"."I_FK_JOUE_EN_TANT_QUE_INDIVIDU" ON "AIR2JAVA"."JOUE_EN_TANT_QUE" ("ID_INDIVIDU") 
  PCTFREE 10 INITRANS 2 MAXTRANS 255 COMPUTE STATISTICS 
  STORAGE(INITIAL 65536 NEXT 1048576 MINEXTENTS 1 MAXEXTENTS 2147483645
  PCTINCREASE 0 FREELISTS 1 FREELIST GROUPS 1 BUFFER_POOL DEFAULT FLASH_CACHE DEFAULT CELL_FLASH_CACHE DEFAULT)
  TABLESPACE "USERS" ;
--------------------------------------------------------
--  DDL for Index PK_OEUVRES
--------------------------------------------------------

  CREATE UNIQUE INDEX "AIR2JAVA"."PK_OEUVRES" ON "AIR2JAVA"."OEUVRES" ("ID_OEUVRE") 
  PCTFREE 10 INITRANS 2 MAXTRANS 255 
  STORAGE(INITIAL 65536 NEXT 1048576 MINEXTENTS 1 MAXEXTENTS 2147483645
  PCTINCREASE 0 FREELISTS 1 FREELIST GROUPS 1 BUFFER_POOL DEFAULT FLASH_CACHE DEFAULT CELL_FLASH_CACHE DEFAULT)
  TABLESPACE "USERS" ;
--------------------------------------------------------
--  DDL for Index I_FK_RESPONSABILITE_INDIVIDUS
--------------------------------------------------------

  CREATE INDEX "AIR2JAVA"."I_FK_RESPONSABILITE_INDIVIDUS" ON "AIR2JAVA"."RESPONSABILITE" ("ID_INDIVIDU") 
  PCTFREE 10 INITRANS 2 MAXTRANS 255 COMPUTE STATISTICS 
  STORAGE(INITIAL 65536 NEXT 1048576 MINEXTENTS 1 MAXEXTENTS 2147483645
  PCTINCREASE 0 FREELISTS 1 FREELIST GROUPS 1 BUFFER_POOL DEFAULT FLASH_CACHE DEFAULT CELL_FLASH_CACHE DEFAULT)
  TABLESPACE "USERS" ;
--------------------------------------------------------
--  DDL for Index I_FK_GROUPES_INDIVIDUS
--------------------------------------------------------

  CREATE INDEX "AIR2JAVA"."I_FK_GROUPES_INDIVIDUS" ON "AIR2JAVA"."GROUPES" ("ID_INDIVIDU") 
  PCTFREE 10 INITRANS 2 MAXTRANS 255 COMPUTE STATISTICS 
  STORAGE(INITIAL 65536 NEXT 1048576 MINEXTENTS 1 MAXEXTENTS 2147483645
  PCTINCREASE 0 FREELISTS 1 FREELIST GROUPS 1 BUFFER_POOL DEFAULT FLASH_CACHE DEFAULT CELL_FLASH_CACHE DEFAULT)
  TABLESPACE "USERS" ;
--------------------------------------------------------
--  DDL for Index I_FK_A_POUR_TEL_TELEPHONES
--------------------------------------------------------

  CREATE INDEX "AIR2JAVA"."I_FK_A_POUR_TEL_TELEPHONES" ON "AIR2JAVA"."A_POUR_TEL" ("ID_TELEPHONE") 
  PCTFREE 10 INITRANS 2 MAXTRANS 255 COMPUTE STATISTICS 
  STORAGE(INITIAL 65536 NEXT 1048576 MINEXTENTS 1 MAXEXTENTS 2147483645
  PCTINCREASE 0 FREELISTS 1 FREELIST GROUPS 1 BUFFER_POOL DEFAULT FLASH_CACHE DEFAULT CELL_FLASH_CACHE DEFAULT)
  TABLESPACE "USERS" ;
--------------------------------------------------------
--  DDL for Index I_FK_A_POUR_TEL_INDIVIDUS
--------------------------------------------------------

  CREATE INDEX "AIR2JAVA"."I_FK_A_POUR_TEL_INDIVIDUS" ON "AIR2JAVA"."A_POUR_TEL" ("ID_INDIVIDU") 
  PCTFREE 10 INITRANS 2 MAXTRANS 255 COMPUTE STATISTICS 
  STORAGE(INITIAL 65536 NEXT 1048576 MINEXTENTS 1 MAXEXTENTS 2147483645
  PCTINCREASE 0 FREELISTS 1 FREELIST GROUPS 1 BUFFER_POOL DEFAULT FLASH_CACHE DEFAULT CELL_FLASH_CACHE DEFAULT)
  TABLESPACE "USERS" ;
--------------------------------------------------------
--  DDL for Index I_FK_RESPONSABILITE_GROUPES
--------------------------------------------------------

  CREATE INDEX "AIR2JAVA"."I_FK_RESPONSABILITE_GROUPES" ON "AIR2JAVA"."RESPONSABILITE" ("ID_GROUPE") 
  PCTFREE 10 INITRANS 2 MAXTRANS 255 COMPUTE STATISTICS 
  STORAGE(INITIAL 65536 NEXT 1048576 MINEXTENTS 1 MAXEXTENTS 2147483645
  PCTINCREASE 0 FREELISTS 1 FREELIST GROUPS 1 BUFFER_POOL DEFAULT FLASH_CACHE DEFAULT CELL_FLASH_CACHE DEFAULT)
  TABLESPACE "USERS" ;
--------------------------------------------------------
--  DDL for Index I_FK_JOUE_EN_TANT_QUE_INSTRUME
--------------------------------------------------------

  CREATE INDEX "AIR2JAVA"."I_FK_JOUE_EN_TANT_QUE_INSTRUME" ON "AIR2JAVA"."JOUE_EN_TANT_QUE" ("ID_INSTRUMENT") 
  PCTFREE 10 INITRANS 2 MAXTRANS 255 COMPUTE STATISTICS 
  STORAGE(INITIAL 65536 NEXT 1048576 MINEXTENTS 1 MAXEXTENTS 2147483645
  PCTINCREASE 0 FREELISTS 1 FREELIST GROUPS 1 BUFFER_POOL DEFAULT FLASH_CACHE DEFAULT CELL_FLASH_CACHE DEFAULT)
  TABLESPACE "USERS" ;
--------------------------------------------------------
--  DDL for Index I_FK_RENCONTRES_INDIVIDUS
--------------------------------------------------------

  CREATE INDEX "AIR2JAVA"."I_FK_RENCONTRES_INDIVIDUS" ON "AIR2JAVA"."RENCONTRES" ("ID_INDIVIDU") 
  PCTFREE 10 INITRANS 2 MAXTRANS 255 COMPUTE STATISTICS 
  STORAGE(INITIAL 65536 NEXT 1048576 MINEXTENTS 1 MAXEXTENTS 2147483645
  PCTINCREASE 0 FREELISTS 1 FREELIST GROUPS 1 BUFFER_POOL DEFAULT FLASH_CACHE DEFAULT CELL_FLASH_CACHE DEFAULT)
  TABLESPACE "USERS" ;
--------------------------------------------------------
--  DDL for Index I_FK_INDIVIDUS_CIVILITES
--------------------------------------------------------

  CREATE INDEX "AIR2JAVA"."I_FK_INDIVIDUS_CIVILITES" ON "AIR2JAVA"."INDIVIDUS" ("ID_CIVILITE") 
  PCTFREE 10 INITRANS 2 MAXTRANS 255 COMPUTE STATISTICS 
  STORAGE(INITIAL 65536 NEXT 1048576 MINEXTENTS 1 MAXEXTENTS 2147483645
  PCTINCREASE 0 FREELISTS 1 FREELIST GROUPS 1 BUFFER_POOL DEFAULT FLASH_CACHE DEFAULT CELL_FLASH_CACHE DEFAULT)
  TABLESPACE "USERS" ;
--------------------------------------------------------
--  DDL for Index PK_CIVILITES
--------------------------------------------------------

  CREATE UNIQUE INDEX "AIR2JAVA"."PK_CIVILITES" ON "AIR2JAVA"."CIVILITES" ("ID_CIVILITE") 
  PCTFREE 10 INITRANS 2 MAXTRANS 255 
  STORAGE(INITIAL 65536 NEXT 1048576 MINEXTENTS 1 MAXEXTENTS 2147483645
  PCTINCREASE 0 FREELISTS 1 FREELIST GROUPS 1 BUFFER_POOL DEFAULT FLASH_CACHE DEFAULT CELL_FLASH_CACHE DEFAULT)
  TABLESPACE "USERS" ;
--------------------------------------------------------
--  DDL for Index I_FK_PROGRAMME_LIEUXREPRESENTA
--------------------------------------------------------

  CREATE INDEX "AIR2JAVA"."I_FK_PROGRAMME_LIEUXREPRESENTA" ON "AIR2JAVA"."PROGRAMME" ("ID_LIEUREPRESENTATION") 
  PCTFREE 10 INITRANS 2 MAXTRANS 255 COMPUTE STATISTICS 
  STORAGE(INITIAL 65536 NEXT 1048576 MINEXTENTS 1 MAXEXTENTS 2147483645
  PCTINCREASE 0 FREELISTS 1 FREELIST GROUPS 1 BUFFER_POOL DEFAULT FLASH_CACHE DEFAULT CELL_FLASH_CACHE DEFAULT)
  TABLESPACE "USERS" ;
--------------------------------------------------------
--  DDL for Index I_FK_JOUEE_EN_TANT_QUE_SPECIAL
--------------------------------------------------------

  CREATE INDEX "AIR2JAVA"."I_FK_JOUEE_EN_TANT_QUE_SPECIAL" ON "AIR2JAVA"."JOUEE_EN_TANT_QUE" ("ID_SPECIALITE") 
  PCTFREE 10 INITRANS 2 MAXTRANS 255 COMPUTE STATISTICS 
  STORAGE(INITIAL 65536 NEXT 1048576 MINEXTENTS 1 MAXEXTENTS 2147483645
  PCTINCREASE 0 FREELISTS 1 FREELIST GROUPS 1 BUFFER_POOL DEFAULT FLASH_CACHE DEFAULT CELL_FLASH_CACHE DEFAULT)
  TABLESPACE "USERS" ;
--------------------------------------------------------
--  DDL for Index I_FK_A_POUR_ADRESSE_INDIVIDUS
--------------------------------------------------------

  CREATE INDEX "AIR2JAVA"."I_FK_A_POUR_ADRESSE_INDIVIDUS" ON "AIR2JAVA"."A_POUR_ADRESSE" ("ID_INDIVIDU") 
  PCTFREE 10 INITRANS 2 MAXTRANS 255 COMPUTE STATISTICS 
  STORAGE(INITIAL 65536 NEXT 1048576 MINEXTENTS 1 MAXEXTENTS 2147483645
  PCTINCREASE 0 FREELISTS 1 FREELIST GROUPS 1 BUFFER_POOL DEFAULT FLASH_CACHE DEFAULT CELL_FLASH_CACHE DEFAULT)
  TABLESPACE "USERS" ;
--------------------------------------------------------
--  DDL for Index I_FK_A_POUR_EMAIL_EMAILS
--------------------------------------------------------

  CREATE INDEX "AIR2JAVA"."I_FK_A_POUR_EMAIL_EMAILS" ON "AIR2JAVA"."A_POUR_EMAIL" ("ID_EMAIL") 
  PCTFREE 10 INITRANS 2 MAXTRANS 255 COMPUTE STATISTICS 
  STORAGE(INITIAL 65536 NEXT 1048576 MINEXTENTS 1 MAXEXTENTS 2147483645
  PCTINCREASE 0 FREELISTS 1 FREELIST GROUPS 1 BUFFER_POOL DEFAULT FLASH_CACHE DEFAULT CELL_FLASH_CACHE DEFAULT)
  TABLESPACE "USERS" ;
--------------------------------------------------------
--  DDL for Index I_FK_A_POUR_EMAIL_INDIVIDUS
--------------------------------------------------------

  CREATE INDEX "AIR2JAVA"."I_FK_A_POUR_EMAIL_INDIVIDUS" ON "AIR2JAVA"."A_POUR_EMAIL" ("ID_INDIVIDU") 
  PCTFREE 10 INITRANS 2 MAXTRANS 255 COMPUTE STATISTICS 
  STORAGE(INITIAL 65536 NEXT 1048576 MINEXTENTS 1 MAXEXTENTS 2147483645
  PCTINCREASE 0 FREELISTS 1 FREELIST GROUPS 1 BUFFER_POOL DEFAULT FLASH_CACHE DEFAULT CELL_FLASH_CACHE DEFAULT)
  TABLESPACE "USERS" ;
--------------------------------------------------------
--  DDL for Index PK_SE_COMPOSE_DE
--------------------------------------------------------

  CREATE UNIQUE INDEX "AIR2JAVA"."PK_SE_COMPOSE_DE" ON "AIR2JAVA"."SE_COMPOSE_DE" ("ID_OEUVRE", "ID_PROGRAMME") 
  PCTFREE 10 INITRANS 2 MAXTRANS 255 
  STORAGE(INITIAL 65536 NEXT 1048576 MINEXTENTS 1 MAXEXTENTS 2147483645
  PCTINCREASE 0 FREELISTS 1 FREELIST GROUPS 1 BUFFER_POOL DEFAULT FLASH_CACHE DEFAULT CELL_FLASH_CACHE DEFAULT)
  TABLESPACE "USERS" ;
--------------------------------------------------------
--  DDL for Index PK_PROGRAMME
--------------------------------------------------------

  CREATE UNIQUE INDEX "AIR2JAVA"."PK_PROGRAMME" ON "AIR2JAVA"."PROGRAMME" ("ID_PROGRAMME") 
  PCTFREE 10 INITRANS 2 MAXTRANS 255 
  STORAGE(INITIAL 65536 NEXT 1048576 MINEXTENTS 1 MAXEXTENTS 2147483645
  PCTINCREASE 0 FREELISTS 1 FREELIST GROUPS 1 BUFFER_POOL DEFAULT FLASH_CACHE DEFAULT CELL_FLASH_CACHE DEFAULT)
  TABLESPACE "USERS" ;
--------------------------------------------------------
--  DDL for Index I_FK_EST_DE_TYPE_OEUVRES
--------------------------------------------------------

  CREATE INDEX "AIR2JAVA"."I_FK_EST_DE_TYPE_OEUVRES" ON "AIR2JAVA"."EST_DE_TYPE" ("ID_OEUVRE") 
  PCTFREE 10 INITRANS 2 MAXTRANS 255 COMPUTE STATISTICS 
  STORAGE(INITIAL 65536 NEXT 1048576 MINEXTENTS 1 MAXEXTENTS 2147483645
  PCTINCREASE 0 FREELISTS 1 FREELIST GROUPS 1 BUFFER_POOL DEFAULT FLASH_CACHE DEFAULT CELL_FLASH_CACHE DEFAULT)
  TABLESPACE "USERS" ;
--------------------------------------------------------
--  DDL for Index I_FK_REPRESENTE_REGION_REGIONS
--------------------------------------------------------

  CREATE INDEX "AIR2JAVA"."I_FK_REPRESENTE_REGION_REGIONS" ON "AIR2JAVA"."REPRESENTE_REGION" ("ID_REGION") 
  PCTFREE 10 INITRANS 2 MAXTRANS 255 COMPUTE STATISTICS 
  STORAGE(INITIAL 65536 NEXT 1048576 MINEXTENTS 1 MAXEXTENTS 2147483645
  PCTINCREASE 0 FREELISTS 1 FREELIST GROUPS 1 BUFFER_POOL DEFAULT FLASH_CACHE DEFAULT CELL_FLASH_CACHE DEFAULT)
  TABLESPACE "USERS" ;
--------------------------------------------------------
--  DDL for Index I_FK_JOUE_GROUPES
--------------------------------------------------------

  CREATE INDEX "AIR2JAVA"."I_FK_JOUE_GROUPES" ON "AIR2JAVA"."JOUE" ("ID_GROUPE") 
  PCTFREE 10 INITRANS 2 MAXTRANS 255 COMPUTE STATISTICS 
  STORAGE(INITIAL 65536 NEXT 1048576 MINEXTENTS 1 MAXEXTENTS 2147483645
  PCTINCREASE 0 FREELISTS 1 FREELIST GROUPS 1 BUFFER_POOL DEFAULT FLASH_CACHE DEFAULT CELL_FLASH_CACHE DEFAULT)
  TABLESPACE "USERS" ;
--------------------------------------------------------
--  DDL for Index I_FK_EST_MEMBRE_INDIVIDUS
--------------------------------------------------------

  CREATE INDEX "AIR2JAVA"."I_FK_EST_MEMBRE_INDIVIDUS" ON "AIR2JAVA"."EST_MEMBRE" ("ID_INDIVIDU") 
  PCTFREE 10 INITRANS 2 MAXTRANS 255 COMPUTE STATISTICS 
  STORAGE(INITIAL 65536 NEXT 1048576 MINEXTENTS 1 MAXEXTENTS 2147483645
  PCTINCREASE 0 FREELISTS 1 FREELIST GROUPS 1 BUFFER_POOL DEFAULT FLASH_CACHE DEFAULT CELL_FLASH_CACHE DEFAULT)
  TABLESPACE "USERS" ;
--------------------------------------------------------
--  DDL for Index I_FK_JOUE_OEUVRES
--------------------------------------------------------

  CREATE INDEX "AIR2JAVA"."I_FK_JOUE_OEUVRES" ON "AIR2JAVA"."JOUE" ("ID_OEUVRE") 
  PCTFREE 10 INITRANS 2 MAXTRANS 255 COMPUTE STATISTICS 
  STORAGE(INITIAL 65536 NEXT 1048576 MINEXTENTS 1 MAXEXTENTS 2147483645
  PCTINCREASE 0 FREELISTS 1 FREELIST GROUPS 1 BUFFER_POOL DEFAULT FLASH_CACHE DEFAULT CELL_FLASH_CACHE DEFAULT)
  TABLESPACE "USERS" ;
--------------------------------------------------------
--  DDL for Index PK_EMAILS
--------------------------------------------------------

  CREATE UNIQUE INDEX "AIR2JAVA"."PK_EMAILS" ON "AIR2JAVA"."EMAILS" ("ID_EMAIL") 
  PCTFREE 10 INITRANS 2 MAXTRANS 255 
  STORAGE(INITIAL 65536 NEXT 1048576 MINEXTENTS 1 MAXEXTENTS 2147483645
  PCTINCREASE 0 FREELISTS 1 FREELIST GROUPS 1 BUFFER_POOL DEFAULT FLASH_CACHE DEFAULT CELL_FLASH_CACHE DEFAULT)
  TABLESPACE "USERS" ;
--------------------------------------------------------
--  DDL for Index PK_RESPONSABILITE
--------------------------------------------------------

  CREATE UNIQUE INDEX "AIR2JAVA"."PK_RESPONSABILITE" ON "AIR2JAVA"."RESPONSABILITE" ("ID_RESPONSABILITE") 
  PCTFREE 10 INITRANS 2 MAXTRANS 255 
  STORAGE(INITIAL 65536 NEXT 1048576 MINEXTENTS 1 MAXEXTENTS 2147483645
  PCTINCREASE 0 FREELISTS 1 FREELIST GROUPS 1 BUFFER_POOL DEFAULT FLASH_CACHE DEFAULT CELL_FLASH_CACHE DEFAULT)
  TABLESPACE "USERS" ;
--------------------------------------------------------
--  DDL for Index PK_SE_DEROULE
--------------------------------------------------------

  CREATE UNIQUE INDEX "AIR2JAVA"."PK_SE_DEROULE" ON "AIR2JAVA"."SE_DEROULE" ("ID_RENCONTRE", "ID_LIEU") 
  PCTFREE 10 INITRANS 2 MAXTRANS 255 
  STORAGE(INITIAL 65536 NEXT 1048576 MINEXTENTS 1 MAXEXTENTS 2147483645
  PCTINCREASE 0 FREELISTS 1 FREELIST GROUPS 1 BUFFER_POOL DEFAULT FLASH_CACHE DEFAULT CELL_FLASH_CACHE DEFAULT)
  TABLESPACE "USERS" ;
--------------------------------------------------------
--  DDL for Index I_FK_EST_MEMBRE_GROUPES
--------------------------------------------------------

  CREATE INDEX "AIR2JAVA"."I_FK_EST_MEMBRE_GROUPES" ON "AIR2JAVA"."EST_MEMBRE" ("ID_GROUPE") 
  PCTFREE 10 INITRANS 2 MAXTRANS 255 COMPUTE STATISTICS 
  STORAGE(INITIAL 65536 NEXT 1048576 MINEXTENTS 1 MAXEXTENTS 2147483645
  PCTINCREASE 0 FREELISTS 1 FREELIST GROUPS 1 BUFFER_POOL DEFAULT FLASH_CACHE DEFAULT CELL_FLASH_CACHE DEFAULT)
  TABLESPACE "USERS" ;
--------------------------------------------------------
--  DDL for Index I_FK_FONCTION_GROUPES
--------------------------------------------------------

  CREATE INDEX "AIR2JAVA"."I_FK_FONCTION_GROUPES" ON "AIR2JAVA"."FONCTION" ("ID_GROUPE") 
  PCTFREE 10 INITRANS 2 MAXTRANS 255 COMPUTE STATISTICS 
  STORAGE(INITIAL 65536 NEXT 1048576 MINEXTENTS 1 MAXEXTENTS 2147483645
  PCTINCREASE 0 FREELISTS 1 FREELIST GROUPS 1 BUFFER_POOL DEFAULT FLASH_CACHE DEFAULT CELL_FLASH_CACHE DEFAULT)
  TABLESPACE "USERS" ;
--------------------------------------------------------
--  DDL for Index PK_RENCONTRES
--------------------------------------------------------

  CREATE UNIQUE INDEX "AIR2JAVA"."PK_RENCONTRES" ON "AIR2JAVA"."RENCONTRES" ("ID_RENCONTRE") 
  PCTFREE 10 INITRANS 2 MAXTRANS 255 
  STORAGE(INITIAL 65536 NEXT 1048576 MINEXTENTS 1 MAXEXTENTS 2147483645
  PCTINCREASE 0 FREELISTS 1 FREELIST GROUPS 1 BUFFER_POOL DEFAULT FLASH_CACHE DEFAULT CELL_FLASH_CACHE DEFAULT)
  TABLESPACE "USERS" ;
--------------------------------------------------------
--  DDL for Index PK_EST_AUTEUR
--------------------------------------------------------

  CREATE UNIQUE INDEX "AIR2JAVA"."PK_EST_AUTEUR" ON "AIR2JAVA"."EST_AUTEUR" ("ID_INDIVIDU", "ID_OEUVRE") 
  PCTFREE 10 INITRANS 2 MAXTRANS 255 
  STORAGE(INITIAL 65536 NEXT 1048576 MINEXTENTS 1 MAXEXTENTS 2147483645
  PCTINCREASE 0 FREELISTS 1 FREELIST GROUPS 1 BUFFER_POOL DEFAULT FLASH_CACHE DEFAULT CELL_FLASH_CACHE DEFAULT)
  TABLESPACE "USERS" ;
--------------------------------------------------------
--  DDL for Index PK_FONCTION
--------------------------------------------------------

  CREATE UNIQUE INDEX "AIR2JAVA"."PK_FONCTION" ON "AIR2JAVA"."FONCTION" ("ID_FONCTION") 
  PCTFREE 10 INITRANS 2 MAXTRANS 255 
  STORAGE(INITIAL 65536 NEXT 1048576 MINEXTENTS 1 MAXEXTENTS 2147483645
  PCTINCREASE 0 FREELISTS 1 FREELIST GROUPS 1 BUFFER_POOL DEFAULT FLASH_CACHE DEFAULT CELL_FLASH_CACHE DEFAULT)
  TABLESPACE "USERS" ;
--------------------------------------------------------
--  DDL for Index PK_EST_DE_TYPE
--------------------------------------------------------

  CREATE UNIQUE INDEX "AIR2JAVA"."PK_EST_DE_TYPE" ON "AIR2JAVA"."EST_DE_TYPE" ("ID_OEUVRE", "ID_OEUVRETYPE") 
  PCTFREE 10 INITRANS 2 MAXTRANS 255 
  STORAGE(INITIAL 65536 NEXT 1048576 MINEXTENTS 1 MAXEXTENTS 2147483645
  PCTINCREASE 0 FREELISTS 1 FREELIST GROUPS 1 BUFFER_POOL DEFAULT FLASH_CACHE DEFAULT CELL_FLASH_CACHE DEFAULT)
  TABLESPACE "USERS" ;
--------------------------------------------------------
--  Constraints for Table ADRESSES
--------------------------------------------------------

  ALTER TABLE "AIR2JAVA"."ADRESSES" ADD CONSTRAINT "PK_ADRESSES" PRIMARY KEY ("ID_ADRESSE")
  USING INDEX PCTFREE 10 INITRANS 2 MAXTRANS 255 
  STORAGE(INITIAL 65536 NEXT 1048576 MINEXTENTS 1 MAXEXTENTS 2147483645
  PCTINCREASE 0 FREELISTS 1 FREELIST GROUPS 1 BUFFER_POOL DEFAULT FLASH_CACHE DEFAULT CELL_FLASH_CACHE DEFAULT)
  TABLESPACE "USERS"  ENABLE;
  ALTER TABLE "AIR2JAVA"."ADRESSES" MODIFY ("ID_ADRESSE" NOT NULL ENABLE);
--------------------------------------------------------
--  Constraints for Table A_POUR_ADRESSE
--------------------------------------------------------

  ALTER TABLE "AIR2JAVA"."A_POUR_ADRESSE" ADD CONSTRAINT "PK_A_POUR_ADRESSE" PRIMARY KEY ("ID_INDIVIDU", "ID_ADRESSE", "ID_ADRESSETYPE")
  USING INDEX PCTFREE 10 INITRANS 2 MAXTRANS 255 
  STORAGE(INITIAL 65536 NEXT 1048576 MINEXTENTS 1 MAXEXTENTS 2147483645
  PCTINCREASE 0 FREELISTS 1 FREELIST GROUPS 1 BUFFER_POOL DEFAULT FLASH_CACHE DEFAULT CELL_FLASH_CACHE DEFAULT)
  TABLESPACE "USERS"  ENABLE;
  ALTER TABLE "AIR2JAVA"."A_POUR_ADRESSE" MODIFY ("ID_ADRESSETYPE" NOT NULL ENABLE);
  ALTER TABLE "AIR2JAVA"."A_POUR_ADRESSE" MODIFY ("ID_ADRESSE" NOT NULL ENABLE);
  ALTER TABLE "AIR2JAVA"."A_POUR_ADRESSE" MODIFY ("ID_INDIVIDU" NOT NULL ENABLE);
--------------------------------------------------------
--  Constraints for Table INDIVIDUS
--------------------------------------------------------

  ALTER TABLE "AIR2JAVA"."INDIVIDUS" ADD CONSTRAINT "PK_INDIVIDUS" PRIMARY KEY ("ID_INDIVIDU")
  USING INDEX PCTFREE 10 INITRANS 2 MAXTRANS 255 
  STORAGE(INITIAL 65536 NEXT 1048576 MINEXTENTS 1 MAXEXTENTS 2147483645
  PCTINCREASE 0 FREELISTS 1 FREELIST GROUPS 1 BUFFER_POOL DEFAULT FLASH_CACHE DEFAULT CELL_FLASH_CACHE DEFAULT)
  TABLESPACE "USERS"  ENABLE;
  ALTER TABLE "AIR2JAVA"."INDIVIDUS" MODIFY ("ID_CIVILITE" NOT NULL ENABLE);
  ALTER TABLE "AIR2JAVA"."INDIVIDUS" MODIFY ("ID_INDIVIDU" NOT NULL ENABLE);
--------------------------------------------------------
--  Constraints for Table EST_RESPONSABLE
--------------------------------------------------------

  ALTER TABLE "AIR2JAVA"."EST_RESPONSABLE" ADD CONSTRAINT "PK_EST_RESPONSABLE" PRIMARY KEY ("ID_RESPONSABILITE")
  USING INDEX PCTFREE 10 INITRANS 2 MAXTRANS 255 
  STORAGE(INITIAL 65536 NEXT 1048576 MINEXTENTS 1 MAXEXTENTS 2147483645
  PCTINCREASE 0 FREELISTS 1 FREELIST GROUPS 1 BUFFER_POOL DEFAULT FLASH_CACHE DEFAULT CELL_FLASH_CACHE DEFAULT)
  TABLESPACE "USERS"  ENABLE;
  ALTER TABLE "AIR2JAVA"."EST_RESPONSABLE" MODIFY ("ID_GROUPE" NOT NULL ENABLE);
  ALTER TABLE "AIR2JAVA"."EST_RESPONSABLE" MODIFY ("ID_INDIVIDU" NOT NULL ENABLE);
  ALTER TABLE "AIR2JAVA"."EST_RESPONSABLE" MODIFY ("ID_RESPONSABILITE" NOT NULL ENABLE);
--------------------------------------------------------
--  Constraints for Table FONCTION
--------------------------------------------------------

  ALTER TABLE "AIR2JAVA"."FONCTION" ADD CONSTRAINT "PK_FONCTION" PRIMARY KEY ("ID_FONCTION")
  USING INDEX PCTFREE 10 INITRANS 2 MAXTRANS 255 
  STORAGE(INITIAL 65536 NEXT 1048576 MINEXTENTS 1 MAXEXTENTS 2147483645
  PCTINCREASE 0 FREELISTS 1 FREELIST GROUPS 1 BUFFER_POOL DEFAULT FLASH_CACHE DEFAULT CELL_FLASH_CACHE DEFAULT)
  TABLESPACE "USERS"  ENABLE;
  ALTER TABLE "AIR2JAVA"."FONCTION" MODIFY ("ID_INDIVIDU" NOT NULL ENABLE);
  ALTER TABLE "AIR2JAVA"."FONCTION" MODIFY ("ID_GROUPE" NOT NULL ENABLE);
  ALTER TABLE "AIR2JAVA"."FONCTION" MODIFY ("ID_FONCTION" NOT NULL ENABLE);
--------------------------------------------------------
--  Constraints for Table COMPOSE
--------------------------------------------------------

  ALTER TABLE "AIR2JAVA"."COMPOSE" ADD CONSTRAINT "PK_COMPOSE" PRIMARY KEY ("ID_PAYS", "ID_REGION")
  USING INDEX PCTFREE 10 INITRANS 2 MAXTRANS 255 
  STORAGE(INITIAL 65536 NEXT 1048576 MINEXTENTS 1 MAXEXTENTS 2147483645
  PCTINCREASE 0 FREELISTS 1 FREELIST GROUPS 1 BUFFER_POOL DEFAULT FLASH_CACHE DEFAULT CELL_FLASH_CACHE DEFAULT)
  TABLESPACE "USERS"  ENABLE;
  ALTER TABLE "AIR2JAVA"."COMPOSE" MODIFY ("ID_REGION" NOT NULL ENABLE);
  ALTER TABLE "AIR2JAVA"."COMPOSE" MODIFY ("ID_PAYS" NOT NULL ENABLE);
--------------------------------------------------------
--  Constraints for Table LIEUXREPRESENTATION
--------------------------------------------------------

  ALTER TABLE "AIR2JAVA"."LIEUXREPRESENTATION" ADD CONSTRAINT "PK_LIEUXREPRESENTATION" PRIMARY KEY ("ID_LIEUREPRESENTATION")
  USING INDEX PCTFREE 10 INITRANS 2 MAXTRANS 255 
  STORAGE(INITIAL 65536 NEXT 1048576 MINEXTENTS 1 MAXEXTENTS 2147483645
  PCTINCREASE 0 FREELISTS 1 FREELIST GROUPS 1 BUFFER_POOL DEFAULT FLASH_CACHE DEFAULT CELL_FLASH_CACHE DEFAULT)
  TABLESPACE "USERS"  ENABLE;
  ALTER TABLE "AIR2JAVA"."LIEUXREPRESENTATION" MODIFY ("ID_LIEUREPRESENTATION" NOT NULL ENABLE);
--------------------------------------------------------
--  Constraints for Table EST_MEMBRE
--------------------------------------------------------

  ALTER TABLE "AIR2JAVA"."EST_MEMBRE" ADD CONSTRAINT "PK_EST_MEMBRE" PRIMARY KEY ("ID_GROUPE", "ID_INDIVIDU", "ID_FONCTION")
  USING INDEX PCTFREE 10 INITRANS 2 MAXTRANS 255 
  STORAGE(INITIAL 65536 NEXT 1048576 MINEXTENTS 1 MAXEXTENTS 2147483645
  PCTINCREASE 0 FREELISTS 1 FREELIST GROUPS 1 BUFFER_POOL DEFAULT FLASH_CACHE DEFAULT CELL_FLASH_CACHE DEFAULT)
  TABLESPACE "USERS"  ENABLE;
  ALTER TABLE "AIR2JAVA"."EST_MEMBRE" MODIFY ("ID_FONCTION" NOT NULL ENABLE);
  ALTER TABLE "AIR2JAVA"."EST_MEMBRE" MODIFY ("ID_INDIVIDU" NOT NULL ENABLE);
  ALTER TABLE "AIR2JAVA"."EST_MEMBRE" MODIFY ("ID_GROUPE" NOT NULL ENABLE);
--------------------------------------------------------
--  Constraints for Table RENCONTRES
--------------------------------------------------------

  ALTER TABLE "AIR2JAVA"."RENCONTRES" ADD CONSTRAINT "PK_RENCONTRES" PRIMARY KEY ("ID_RENCONTRE")
  USING INDEX PCTFREE 10 INITRANS 2 MAXTRANS 255 
  STORAGE(INITIAL 65536 NEXT 1048576 MINEXTENTS 1 MAXEXTENTS 2147483645
  PCTINCREASE 0 FREELISTS 1 FREELIST GROUPS 1 BUFFER_POOL DEFAULT FLASH_CACHE DEFAULT CELL_FLASH_CACHE DEFAULT)
  TABLESPACE "USERS"  ENABLE;
  ALTER TABLE "AIR2JAVA"."RENCONTRES" MODIFY ("ID_INDIVIDU" NOT NULL ENABLE);
  ALTER TABLE "AIR2JAVA"."RENCONTRES" MODIFY ("ID_RENCONTRE" NOT NULL ENABLE);
--------------------------------------------------------
--  Constraints for Table EST_AUTEUR
--------------------------------------------------------

  ALTER TABLE "AIR2JAVA"."EST_AUTEUR" ADD CONSTRAINT "PK_EST_AUTEUR" PRIMARY KEY ("ID_INDIVIDU", "ID_OEUVRE")
  USING INDEX PCTFREE 10 INITRANS 2 MAXTRANS 255 
  STORAGE(INITIAL 65536 NEXT 1048576 MINEXTENTS 1 MAXEXTENTS 2147483645
  PCTINCREASE 0 FREELISTS 1 FREELIST GROUPS 1 BUFFER_POOL DEFAULT FLASH_CACHE DEFAULT CELL_FLASH_CACHE DEFAULT)
  TABLESPACE "USERS"  ENABLE;
  ALTER TABLE "AIR2JAVA"."EST_AUTEUR" MODIFY ("ID_OEUVRE" NOT NULL ENABLE);
  ALTER TABLE "AIR2JAVA"."EST_AUTEUR" MODIFY ("ID_INDIVIDU" NOT NULL ENABLE);
--------------------------------------------------------
--  Constraints for Table SPECIALITES
--------------------------------------------------------

  ALTER TABLE "AIR2JAVA"."SPECIALITES" ADD CONSTRAINT "PK_SPECIALITES" PRIMARY KEY ("ID_SPECIALITE")
  USING INDEX PCTFREE 10 INITRANS 2 MAXTRANS 255 
  STORAGE(INITIAL 65536 NEXT 1048576 MINEXTENTS 1 MAXEXTENTS 2147483645
  PCTINCREASE 0 FREELISTS 1 FREELIST GROUPS 1 BUFFER_POOL DEFAULT FLASH_CACHE DEFAULT CELL_FLASH_CACHE DEFAULT)
  TABLESPACE "USERS"  ENABLE;
  ALTER TABLE "AIR2JAVA"."SPECIALITES" MODIFY ("ID_SPECIALITE" NOT NULL ENABLE);
--------------------------------------------------------
--  Constraints for Table A_POUR_TEL
--------------------------------------------------------

  ALTER TABLE "AIR2JAVA"."A_POUR_TEL" ADD CONSTRAINT "PK_A_POUR_TEL" PRIMARY KEY ("ID_INDIVIDU", "ID_TELEPHONE", "ID_TELTYPE")
  USING INDEX PCTFREE 10 INITRANS 2 MAXTRANS 255 
  STORAGE(INITIAL 65536 NEXT 1048576 MINEXTENTS 1 MAXEXTENTS 2147483645
  PCTINCREASE 0 FREELISTS 1 FREELIST GROUPS 1 BUFFER_POOL DEFAULT FLASH_CACHE DEFAULT CELL_FLASH_CACHE DEFAULT)
  TABLESPACE "USERS"  ENABLE;
  ALTER TABLE "AIR2JAVA"."A_POUR_TEL" MODIFY ("ID_TELTYPE" NOT NULL ENABLE);
  ALTER TABLE "AIR2JAVA"."A_POUR_TEL" MODIFY ("ID_TELEPHONE" NOT NULL ENABLE);
  ALTER TABLE "AIR2JAVA"."A_POUR_TEL" MODIFY ("ID_INDIVIDU" NOT NULL ENABLE);
--------------------------------------------------------
--  Constraints for Table JOUE_EN_TANT_QUE
--------------------------------------------------------

  ALTER TABLE "AIR2JAVA"."JOUE_EN_TANT_QUE" ADD CONSTRAINT "PK_JOUE_EN_TANT_QUE" PRIMARY KEY ("ID_INDIVIDU", "ID_SPECIALITE", "ID_INSTRUMENT")
  USING INDEX PCTFREE 10 INITRANS 2 MAXTRANS 255 
  STORAGE(INITIAL 65536 NEXT 1048576 MINEXTENTS 1 MAXEXTENTS 2147483645
  PCTINCREASE 0 FREELISTS 1 FREELIST GROUPS 1 BUFFER_POOL DEFAULT FLASH_CACHE DEFAULT CELL_FLASH_CACHE DEFAULT)
  TABLESPACE "USERS"  ENABLE;
  ALTER TABLE "AIR2JAVA"."JOUE_EN_TANT_QUE" MODIFY ("ID_INSTRUMENT" NOT NULL ENABLE);
  ALTER TABLE "AIR2JAVA"."JOUE_EN_TANT_QUE" MODIFY ("ID_SPECIALITE" NOT NULL ENABLE);
  ALTER TABLE "AIR2JAVA"."JOUE_EN_TANT_QUE" MODIFY ("ID_INDIVIDU" NOT NULL ENABLE);
--------------------------------------------------------
--  Constraints for Table GROUPES
--------------------------------------------------------

  ALTER TABLE "AIR2JAVA"."GROUPES" ADD CONSTRAINT "PK_GROUPES" PRIMARY KEY ("ID_GROUPE")
  USING INDEX PCTFREE 10 INITRANS 2 MAXTRANS 255 
  STORAGE(INITIAL 65536 NEXT 1048576 MINEXTENTS 1 MAXEXTENTS 2147483645
  PCTINCREASE 0 FREELISTS 1 FREELIST GROUPS 1 BUFFER_POOL DEFAULT FLASH_CACHE DEFAULT CELL_FLASH_CACHE DEFAULT)
  TABLESPACE "USERS"  ENABLE;
  ALTER TABLE "AIR2JAVA"."GROUPES" MODIFY ("ID_INDIVIDU" NOT NULL ENABLE);
  ALTER TABLE "AIR2JAVA"."GROUPES" MODIFY ("ID_GROUPE" NOT NULL ENABLE);
--------------------------------------------------------
--  Constraints for Table INSTRUMENTS
--------------------------------------------------------

  ALTER TABLE "AIR2JAVA"."INSTRUMENTS" ADD CONSTRAINT "PK_INSTRUMENTS" PRIMARY KEY ("ID_INSTRUMENT")
  USING INDEX PCTFREE 10 INITRANS 2 MAXTRANS 255 
  STORAGE(INITIAL 65536 NEXT 1048576 MINEXTENTS 1 MAXEXTENTS 2147483645
  PCTINCREASE 0 FREELISTS 1 FREELIST GROUPS 1 BUFFER_POOL DEFAULT FLASH_CACHE DEFAULT CELL_FLASH_CACHE DEFAULT)
  TABLESPACE "USERS"  ENABLE;
  ALTER TABLE "AIR2JAVA"."INSTRUMENTS" MODIFY ("ID_INSTRUMENT" NOT NULL ENABLE);
--------------------------------------------------------
--  Constraints for Table REGIONS
--------------------------------------------------------

  ALTER TABLE "AIR2JAVA"."REGIONS" ADD CONSTRAINT "PK_REGIONS" PRIMARY KEY ("ID_REGION")
  USING INDEX PCTFREE 10 INITRANS 2 MAXTRANS 255 
  STORAGE(INITIAL 65536 NEXT 1048576 MINEXTENTS 1 MAXEXTENTS 2147483645
  PCTINCREASE 0 FREELISTS 1 FREELIST GROUPS 1 BUFFER_POOL DEFAULT FLASH_CACHE DEFAULT CELL_FLASH_CACHE DEFAULT)
  TABLESPACE "USERS"  ENABLE;
  ALTER TABLE "AIR2JAVA"."REGIONS" MODIFY ("ID_REGION" NOT NULL ENABLE);
--------------------------------------------------------
--  Constraints for Table FONCTIONS
--------------------------------------------------------

  ALTER TABLE "AIR2JAVA"."FONCTIONS" ADD CONSTRAINT "PK_FONCTIONS" PRIMARY KEY ("ID_FONCTION")
  USING INDEX PCTFREE 10 INITRANS 2 MAXTRANS 255 
  STORAGE(INITIAL 65536 NEXT 1048576 MINEXTENTS 1 MAXEXTENTS 2147483645
  PCTINCREASE 0 FREELISTS 1 FREELIST GROUPS 1 BUFFER_POOL DEFAULT FLASH_CACHE DEFAULT CELL_FLASH_CACHE DEFAULT)
  TABLESPACE "USERS"  ENABLE;
  ALTER TABLE "AIR2JAVA"."FONCTIONS" MODIFY ("ID_FONCTION" NOT NULL ENABLE);
--------------------------------------------------------
--  Constraints for Table REPRESENTE_PAYS
--------------------------------------------------------

  ALTER TABLE "AIR2JAVA"."REPRESENTE_PAYS" ADD CONSTRAINT "PK_REPRESENTE_PAYS" PRIMARY KEY ("ID_GROUPE", "ID_PAYS")
  USING INDEX PCTFREE 10 INITRANS 2 MAXTRANS 255 
  STORAGE(INITIAL 65536 NEXT 1048576 MINEXTENTS 1 MAXEXTENTS 2147483645
  PCTINCREASE 0 FREELISTS 1 FREELIST GROUPS 1 BUFFER_POOL DEFAULT FLASH_CACHE DEFAULT CELL_FLASH_CACHE DEFAULT)
  TABLESPACE "USERS"  ENABLE;
  ALTER TABLE "AIR2JAVA"."REPRESENTE_PAYS" MODIFY ("ID_PAYS" NOT NULL ENABLE);
  ALTER TABLE "AIR2JAVA"."REPRESENTE_PAYS" MODIFY ("ID_GROUPE" NOT NULL ENABLE);
--------------------------------------------------------
--  Constraints for Table REPRESENTE_REGION
--------------------------------------------------------

  ALTER TABLE "AIR2JAVA"."REPRESENTE_REGION" ADD CONSTRAINT "PK_REPRESENTE_REGION" PRIMARY KEY ("ID_GROUPE", "ID_REGION")
  USING INDEX PCTFREE 10 INITRANS 2 MAXTRANS 255 
  STORAGE(INITIAL 65536 NEXT 1048576 MINEXTENTS 1 MAXEXTENTS 2147483645
  PCTINCREASE 0 FREELISTS 1 FREELIST GROUPS 1 BUFFER_POOL DEFAULT FLASH_CACHE DEFAULT CELL_FLASH_CACHE DEFAULT)
  TABLESPACE "USERS"  ENABLE;
  ALTER TABLE "AIR2JAVA"."REPRESENTE_REGION" MODIFY ("ID_REGION" NOT NULL ENABLE);
  ALTER TABLE "AIR2JAVA"."REPRESENTE_REGION" MODIFY ("ID_GROUPE" NOT NULL ENABLE);
--------------------------------------------------------
--  Constraints for Table OEUVRES
--------------------------------------------------------

  ALTER TABLE "AIR2JAVA"."OEUVRES" ADD CONSTRAINT "PK_OEUVRES" PRIMARY KEY ("ID_OEUVRE")
  USING INDEX PCTFREE 10 INITRANS 2 MAXTRANS 255 
  STORAGE(INITIAL 65536 NEXT 1048576 MINEXTENTS 1 MAXEXTENTS 2147483645
  PCTINCREASE 0 FREELISTS 1 FREELIST GROUPS 1 BUFFER_POOL DEFAULT FLASH_CACHE DEFAULT CELL_FLASH_CACHE DEFAULT)
  TABLESPACE "USERS"  ENABLE;
  ALTER TABLE "AIR2JAVA"."OEUVRES" MODIFY ("ID_OEUVRE" NOT NULL ENABLE);
--------------------------------------------------------
--  Constraints for Table SE_COMPOSE_DE
--------------------------------------------------------

  ALTER TABLE "AIR2JAVA"."SE_COMPOSE_DE" ADD CONSTRAINT "PK_SE_COMPOSE_DE" PRIMARY KEY ("ID_OEUVRE", "ID_PROGRAMME")
  USING INDEX PCTFREE 10 INITRANS 2 MAXTRANS 255 
  STORAGE(INITIAL 65536 NEXT 1048576 MINEXTENTS 1 MAXEXTENTS 2147483645
  PCTINCREASE 0 FREELISTS 1 FREELIST GROUPS 1 BUFFER_POOL DEFAULT FLASH_CACHE DEFAULT CELL_FLASH_CACHE DEFAULT)
  TABLESPACE "USERS"  ENABLE;
  ALTER TABLE "AIR2JAVA"."SE_COMPOSE_DE" MODIFY ("ID_PROGRAMME" NOT NULL ENABLE);
  ALTER TABLE "AIR2JAVA"."SE_COMPOSE_DE" MODIFY ("ID_OEUVRE" NOT NULL ENABLE);
--------------------------------------------------------
--  Constraints for Table RESPONSABILITES
--------------------------------------------------------

  ALTER TABLE "AIR2JAVA"."RESPONSABILITES" ADD CONSTRAINT "PK_RESPONSABILITES" PRIMARY KEY ("ID_RESPONSABILITE")
  USING INDEX PCTFREE 10 INITRANS 2 MAXTRANS 255 
  STORAGE(INITIAL 65536 NEXT 1048576 MINEXTENTS 1 MAXEXTENTS 2147483645
  PCTINCREASE 0 FREELISTS 1 FREELIST GROUPS 1 BUFFER_POOL DEFAULT FLASH_CACHE DEFAULT CELL_FLASH_CACHE DEFAULT)
  TABLESPACE "USERS"  ENABLE;
  ALTER TABLE "AIR2JAVA"."RESPONSABILITES" MODIFY ("ID_RESPONSABILITE" NOT NULL ENABLE);
--------------------------------------------------------
--  Constraints for Table OEUVRETYPES
--------------------------------------------------------

  ALTER TABLE "AIR2JAVA"."OEUVRETYPES" ADD CONSTRAINT "PK_OEUVRETYPES" PRIMARY KEY ("ID_OEUVRETYPE")
  USING INDEX PCTFREE 10 INITRANS 2 MAXTRANS 255 
  STORAGE(INITIAL 65536 NEXT 1048576 MINEXTENTS 1 MAXEXTENTS 2147483645
  PCTINCREASE 0 FREELISTS 1 FREELIST GROUPS 1 BUFFER_POOL DEFAULT FLASH_CACHE DEFAULT CELL_FLASH_CACHE DEFAULT)
  TABLESPACE "USERS"  ENABLE;
  ALTER TABLE "AIR2JAVA"."OEUVRETYPES" MODIFY ("ID_OEUVRETYPE" NOT NULL ENABLE);
--------------------------------------------------------
--  Constraints for Table PROGRAMME
--------------------------------------------------------

  ALTER TABLE "AIR2JAVA"."PROGRAMME" ADD CONSTRAINT "PK_PROGRAMME" PRIMARY KEY ("ID_PROGRAMME")
  USING INDEX PCTFREE 10 INITRANS 2 MAXTRANS 255 
  STORAGE(INITIAL 65536 NEXT 1048576 MINEXTENTS 1 MAXEXTENTS 2147483645
  PCTINCREASE 0 FREELISTS 1 FREELIST GROUPS 1 BUFFER_POOL DEFAULT FLASH_CACHE DEFAULT CELL_FLASH_CACHE DEFAULT)
  TABLESPACE "USERS"  ENABLE;
  ALTER TABLE "AIR2JAVA"."PROGRAMME" MODIFY ("ID_LIEUREPRESENTATION" NOT NULL ENABLE);
  ALTER TABLE "AIR2JAVA"."PROGRAMME" MODIFY ("ID_GROUPE" NOT NULL ENABLE);
  ALTER TABLE "AIR2JAVA"."PROGRAMME" MODIFY ("ID_RENCONTRE" NOT NULL ENABLE);
  ALTER TABLE "AIR2JAVA"."PROGRAMME" MODIFY ("ID_PROGRAMME" NOT NULL ENABLE);
--------------------------------------------------------
--  Constraints for Table TELEPHONES
--------------------------------------------------------

  ALTER TABLE "AIR2JAVA"."TELEPHONES" ADD CONSTRAINT "PK_TELEPHONES" PRIMARY KEY ("ID_TELEPHONE")
  USING INDEX PCTFREE 10 INITRANS 2 MAXTRANS 255 
  STORAGE(INITIAL 65536 NEXT 1048576 MINEXTENTS 1 MAXEXTENTS 2147483645
  PCTINCREASE 0 FREELISTS 1 FREELIST GROUPS 1 BUFFER_POOL DEFAULT FLASH_CACHE DEFAULT CELL_FLASH_CACHE DEFAULT)
  TABLESPACE "USERS"  ENABLE;
  ALTER TABLE "AIR2JAVA"."TELEPHONES" MODIFY ("ID_TELEPHONE" NOT NULL ENABLE);
--------------------------------------------------------
--  Constraints for Table SPECIALITE
--------------------------------------------------------

  ALTER TABLE "AIR2JAVA"."SPECIALITE" ADD CONSTRAINT "PK_SPECIALITE" PRIMARY KEY ("ID_SPECIALITE")
  USING INDEX PCTFREE 10 INITRANS 2 MAXTRANS 255 
  STORAGE(INITIAL 65536 NEXT 1048576 MINEXTENTS 1 MAXEXTENTS 2147483645
  PCTINCREASE 0 FREELISTS 1 FREELIST GROUPS 1 BUFFER_POOL DEFAULT FLASH_CACHE DEFAULT CELL_FLASH_CACHE DEFAULT)
  TABLESPACE "USERS"  ENABLE;
  ALTER TABLE "AIR2JAVA"."SPECIALITE" MODIFY ("ID_SPECIALITE" NOT NULL ENABLE);
--------------------------------------------------------
--  Constraints for Table PAYS
--------------------------------------------------------

  ALTER TABLE "AIR2JAVA"."PAYS" ADD CONSTRAINT "PK_PAYS" PRIMARY KEY ("ID_PAYS")
  USING INDEX PCTFREE 10 INITRANS 2 MAXTRANS 255 
  STORAGE(INITIAL 65536 NEXT 1048576 MINEXTENTS 1 MAXEXTENTS 2147483645
  PCTINCREASE 0 FREELISTS 1 FREELIST GROUPS 1 BUFFER_POOL DEFAULT FLASH_CACHE DEFAULT CELL_FLASH_CACHE DEFAULT)
  TABLESPACE "USERS"  ENABLE;
  ALTER TABLE "AIR2JAVA"."PAYS" MODIFY ("ID_PAYS" NOT NULL ENABLE);
--------------------------------------------------------
--  Constraints for Table JOUEE_EN_TANT_QUE
--------------------------------------------------------

  ALTER TABLE "AIR2JAVA"."JOUEE_EN_TANT_QUE" ADD CONSTRAINT "PK_JOUEE_EN_TANT_QUE" PRIMARY KEY ("ID_SPECIALITE", "ID_INSTRUMENT")
  USING INDEX PCTFREE 10 INITRANS 2 MAXTRANS 255 
  STORAGE(INITIAL 65536 NEXT 1048576 MINEXTENTS 1 MAXEXTENTS 2147483645
  PCTINCREASE 0 FREELISTS 1 FREELIST GROUPS 1 BUFFER_POOL DEFAULT FLASH_CACHE DEFAULT CELL_FLASH_CACHE DEFAULT)
  TABLESPACE "USERS"  ENABLE;
  ALTER TABLE "AIR2JAVA"."JOUEE_EN_TANT_QUE" MODIFY ("ID_INSTRUMENT" NOT NULL ENABLE);
  ALTER TABLE "AIR2JAVA"."JOUEE_EN_TANT_QUE" MODIFY ("ID_SPECIALITE" NOT NULL ENABLE);
--------------------------------------------------------
--  Constraints for Table CIVILITES
--------------------------------------------------------

  ALTER TABLE "AIR2JAVA"."CIVILITES" ADD CONSTRAINT "PK_CIVILITES" PRIMARY KEY ("ID_CIVILITE")
  USING INDEX PCTFREE 10 INITRANS 2 MAXTRANS 255 
  STORAGE(INITIAL 65536 NEXT 1048576 MINEXTENTS 1 MAXEXTENTS 2147483645
  PCTINCREASE 0 FREELISTS 1 FREELIST GROUPS 1 BUFFER_POOL DEFAULT FLASH_CACHE DEFAULT CELL_FLASH_CACHE DEFAULT)
  TABLESPACE "USERS"  ENABLE;
  ALTER TABLE "AIR2JAVA"."CIVILITES" MODIFY ("ID_CIVILITE" NOT NULL ENABLE);
--------------------------------------------------------
--  Constraints for Table JOUE
--------------------------------------------------------

  ALTER TABLE "AIR2JAVA"."JOUE" ADD CONSTRAINT "PK_JOUE" PRIMARY KEY ("ID_GROUPE", "ID_OEUVRE")
  USING INDEX PCTFREE 10 INITRANS 2 MAXTRANS 255 
  STORAGE(INITIAL 65536 NEXT 1048576 MINEXTENTS 1 MAXEXTENTS 2147483645
  PCTINCREASE 0 FREELISTS 1 FREELIST GROUPS 1 BUFFER_POOL DEFAULT FLASH_CACHE DEFAULT CELL_FLASH_CACHE DEFAULT)
  TABLESPACE "USERS"  ENABLE;
  ALTER TABLE "AIR2JAVA"."JOUE" MODIFY ("ID_OEUVRE" NOT NULL ENABLE);
  ALTER TABLE "AIR2JAVA"."JOUE" MODIFY ("ID_GROUPE" NOT NULL ENABLE);
--------------------------------------------------------
--  Constraints for Table EST_DE_TYPE
--------------------------------------------------------

  ALTER TABLE "AIR2JAVA"."EST_DE_TYPE" ADD CONSTRAINT "PK_EST_DE_TYPE" PRIMARY KEY ("ID_OEUVRE", "ID_OEUVRETYPE")
  USING INDEX PCTFREE 10 INITRANS 2 MAXTRANS 255 
  STORAGE(INITIAL 65536 NEXT 1048576 MINEXTENTS 1 MAXEXTENTS 2147483645
  PCTINCREASE 0 FREELISTS 1 FREELIST GROUPS 1 BUFFER_POOL DEFAULT FLASH_CACHE DEFAULT CELL_FLASH_CACHE DEFAULT)
  TABLESPACE "USERS"  ENABLE;
  ALTER TABLE "AIR2JAVA"."EST_DE_TYPE" MODIFY ("ID_OEUVRETYPE" NOT NULL ENABLE);
  ALTER TABLE "AIR2JAVA"."EST_DE_TYPE" MODIFY ("ID_OEUVRE" NOT NULL ENABLE);
--------------------------------------------------------
--  Constraints for Table RESPONSABILITE
--------------------------------------------------------

  ALTER TABLE "AIR2JAVA"."RESPONSABILITE" ADD CONSTRAINT "PK_RESPONSABILITE" PRIMARY KEY ("ID_RESPONSABILITE")
  USING INDEX PCTFREE 10 INITRANS 2 MAXTRANS 255 
  STORAGE(INITIAL 65536 NEXT 1048576 MINEXTENTS 1 MAXEXTENTS 2147483645
  PCTINCREASE 0 FREELISTS 1 FREELIST GROUPS 1 BUFFER_POOL DEFAULT FLASH_CACHE DEFAULT CELL_FLASH_CACHE DEFAULT)
  TABLESPACE "USERS"  ENABLE;
  ALTER TABLE "AIR2JAVA"."RESPONSABILITE" MODIFY ("ID_GROUPE" NOT NULL ENABLE);
  ALTER TABLE "AIR2JAVA"."RESPONSABILITE" MODIFY ("ID_INDIVIDU" NOT NULL ENABLE);
  ALTER TABLE "AIR2JAVA"."RESPONSABILITE" MODIFY ("ID_RESPONSABILITE" NOT NULL ENABLE);
--------------------------------------------------------
--  Constraints for Table LIEUX
--------------------------------------------------------

  ALTER TABLE "AIR2JAVA"."LIEUX" ADD CONSTRAINT "PK_LIEUX" PRIMARY KEY ("ID_LIEU")
  USING INDEX PCTFREE 10 INITRANS 2 MAXTRANS 255 
  STORAGE(INITIAL 65536 NEXT 1048576 MINEXTENTS 1 MAXEXTENTS 2147483645
  PCTINCREASE 0 FREELISTS 1 FREELIST GROUPS 1 BUFFER_POOL DEFAULT FLASH_CACHE DEFAULT CELL_FLASH_CACHE DEFAULT)
  TABLESPACE "USERS"  ENABLE;
  ALTER TABLE "AIR2JAVA"."LIEUX" MODIFY ("ID_ADRESSE" NOT NULL ENABLE);
  ALTER TABLE "AIR2JAVA"."LIEUX" MODIFY ("ID_LIEU" NOT NULL ENABLE);
--------------------------------------------------------
--  Constraints for Table ADRESSETYPES
--------------------------------------------------------

  ALTER TABLE "AIR2JAVA"."ADRESSETYPES" ADD CONSTRAINT "PK_ADRESSETYPES" PRIMARY KEY ("ID_ADRESSETYPE")
  USING INDEX PCTFREE 10 INITRANS 2 MAXTRANS 255 
  STORAGE(INITIAL 65536 NEXT 1048576 MINEXTENTS 1 MAXEXTENTS 2147483645
  PCTINCREASE 0 FREELISTS 1 FREELIST GROUPS 1 BUFFER_POOL DEFAULT FLASH_CACHE DEFAULT CELL_FLASH_CACHE DEFAULT)
  TABLESPACE "USERS"  ENABLE;
  ALTER TABLE "AIR2JAVA"."ADRESSETYPES" MODIFY ("ID_ADRESSETYPE" NOT NULL ENABLE);
--------------------------------------------------------
--  Constraints for Table A_POUR_EMAIL
--------------------------------------------------------

  ALTER TABLE "AIR2JAVA"."A_POUR_EMAIL" ADD CONSTRAINT "PK_A_POUR_EMAIL" PRIMARY KEY ("ID_EMAIL", "ID_INDIVIDU")
  USING INDEX PCTFREE 10 INITRANS 2 MAXTRANS 255 
  STORAGE(INITIAL 65536 NEXT 1048576 MINEXTENTS 1 MAXEXTENTS 2147483645
  PCTINCREASE 0 FREELISTS 1 FREELIST GROUPS 1 BUFFER_POOL DEFAULT FLASH_CACHE DEFAULT CELL_FLASH_CACHE DEFAULT)
  TABLESPACE "USERS"  ENABLE;
  ALTER TABLE "AIR2JAVA"."A_POUR_EMAIL" MODIFY ("ID_INDIVIDU" NOT NULL ENABLE);
  ALTER TABLE "AIR2JAVA"."A_POUR_EMAIL" MODIFY ("ID_EMAIL" NOT NULL ENABLE);
--------------------------------------------------------
--  Constraints for Table EMAILS
--------------------------------------------------------

  ALTER TABLE "AIR2JAVA"."EMAILS" ADD CONSTRAINT "PK_EMAILS" PRIMARY KEY ("ID_EMAIL")
  USING INDEX PCTFREE 10 INITRANS 2 MAXTRANS 255 
  STORAGE(INITIAL 65536 NEXT 1048576 MINEXTENTS 1 MAXEXTENTS 2147483645
  PCTINCREASE 0 FREELISTS 1 FREELIST GROUPS 1 BUFFER_POOL DEFAULT FLASH_CACHE DEFAULT CELL_FLASH_CACHE DEFAULT)
  TABLESPACE "USERS"  ENABLE;
  ALTER TABLE "AIR2JAVA"."EMAILS" MODIFY ("ID_EMAIL" NOT NULL ENABLE);
--------------------------------------------------------
--  Constraints for Table SE_DEROULE
--------------------------------------------------------

  ALTER TABLE "AIR2JAVA"."SE_DEROULE" ADD CONSTRAINT "PK_SE_DEROULE" PRIMARY KEY ("ID_RENCONTRE", "ID_LIEU")
  USING INDEX PCTFREE 10 INITRANS 2 MAXTRANS 255 
  STORAGE(INITIAL 65536 NEXT 1048576 MINEXTENTS 1 MAXEXTENTS 2147483645
  PCTINCREASE 0 FREELISTS 1 FREELIST GROUPS 1 BUFFER_POOL DEFAULT FLASH_CACHE DEFAULT CELL_FLASH_CACHE DEFAULT)
  TABLESPACE "USERS"  ENABLE;
  ALTER TABLE "AIR2JAVA"."SE_DEROULE" MODIFY ("ID_LIEU" NOT NULL ENABLE);
  ALTER TABLE "AIR2JAVA"."SE_DEROULE" MODIFY ("ID_RENCONTRE" NOT NULL ENABLE);
--------------------------------------------------------
--  Constraints for Table TELEPHONETYPES
--------------------------------------------------------

  ALTER TABLE "AIR2JAVA"."TELEPHONETYPES" ADD CONSTRAINT "PK_TELEPHONETYPES" PRIMARY KEY ("ID_TELTYPE")
  USING INDEX PCTFREE 10 INITRANS 2 MAXTRANS 255 
  STORAGE(INITIAL 65536 NEXT 1048576 MINEXTENTS 1 MAXEXTENTS 2147483645
  PCTINCREASE 0 FREELISTS 1 FREELIST GROUPS 1 BUFFER_POOL DEFAULT FLASH_CACHE DEFAULT CELL_FLASH_CACHE DEFAULT)
  TABLESPACE "USERS"  ENABLE;
  ALTER TABLE "AIR2JAVA"."TELEPHONETYPES" MODIFY ("ID_TELTYPE" NOT NULL ENABLE);
--------------------------------------------------------
--  Constraints for Table INSTUMENTS
--------------------------------------------------------

  ALTER TABLE "AIR2JAVA"."INSTUMENTS" ADD CONSTRAINT "PK_INSTUMENTS" PRIMARY KEY ("ID_INSTRUMENT")
  USING INDEX PCTFREE 10 INITRANS 2 MAXTRANS 255 
  STORAGE(INITIAL 65536 NEXT 1048576 MINEXTENTS 1 MAXEXTENTS 2147483645
  PCTINCREASE 0 FREELISTS 1 FREELIST GROUPS 1 BUFFER_POOL DEFAULT FLASH_CACHE DEFAULT CELL_FLASH_CACHE DEFAULT)
  TABLESPACE "USERS"  ENABLE;
  ALTER TABLE "AIR2JAVA"."INSTUMENTS" MODIFY ("ID_INSTRUMENT" NOT NULL ENABLE);
--------------------------------------------------------
--  Ref Constraints for Table A_POUR_ADRESSE
--------------------------------------------------------

  ALTER TABLE "AIR2JAVA"."A_POUR_ADRESSE" ADD CONSTRAINT "FK_A_POUR_ADRESSE_ADRESSES" FOREIGN KEY ("ID_ADRESSE")
	  REFERENCES "AIR2JAVA"."ADRESSES" ("ID_ADRESSE") ENABLE;
  ALTER TABLE "AIR2JAVA"."A_POUR_ADRESSE" ADD CONSTRAINT "FK_A_POUR_ADRESSE_ADRESSETYPES" FOREIGN KEY ("ID_ADRESSETYPE")
	  REFERENCES "AIR2JAVA"."ADRESSETYPES" ("ID_ADRESSETYPE") ENABLE;
  ALTER TABLE "AIR2JAVA"."A_POUR_ADRESSE" ADD CONSTRAINT "FK_A_POUR_ADRESSE_INDIVIDUS" FOREIGN KEY ("ID_INDIVIDU")
	  REFERENCES "AIR2JAVA"."INDIVIDUS" ("ID_INDIVIDU") ENABLE;
--------------------------------------------------------
--  Ref Constraints for Table A_POUR_EMAIL
--------------------------------------------------------

  ALTER TABLE "AIR2JAVA"."A_POUR_EMAIL" ADD CONSTRAINT "FK_A_POUR_EMAIL_EMAILS" FOREIGN KEY ("ID_EMAIL")
	  REFERENCES "AIR2JAVA"."EMAILS" ("ID_EMAIL") ENABLE;
  ALTER TABLE "AIR2JAVA"."A_POUR_EMAIL" ADD CONSTRAINT "FK_A_POUR_EMAIL_INDIVIDUS" FOREIGN KEY ("ID_INDIVIDU")
	  REFERENCES "AIR2JAVA"."INDIVIDUS" ("ID_INDIVIDU") ENABLE;
--------------------------------------------------------
--  Ref Constraints for Table A_POUR_TEL
--------------------------------------------------------

  ALTER TABLE "AIR2JAVA"."A_POUR_TEL" ADD CONSTRAINT "FK_A_POUR_TEL_INDIVIDUS" FOREIGN KEY ("ID_INDIVIDU")
	  REFERENCES "AIR2JAVA"."INDIVIDUS" ("ID_INDIVIDU") ENABLE;
  ALTER TABLE "AIR2JAVA"."A_POUR_TEL" ADD CONSTRAINT "FK_A_POUR_TEL_TELEPHONES" FOREIGN KEY ("ID_TELEPHONE")
	  REFERENCES "AIR2JAVA"."TELEPHONES" ("ID_TELEPHONE") ENABLE;
  ALTER TABLE "AIR2JAVA"."A_POUR_TEL" ADD CONSTRAINT "FK_A_POUR_TEL_TELEPHONETYPES" FOREIGN KEY ("ID_TELTYPE")
	  REFERENCES "AIR2JAVA"."TELEPHONETYPES" ("ID_TELTYPE") ENABLE;
--------------------------------------------------------
--  Ref Constraints for Table COMPOSE
--------------------------------------------------------

  ALTER TABLE "AIR2JAVA"."COMPOSE" ADD CONSTRAINT "FK_COMPOSE_PAYS" FOREIGN KEY ("ID_PAYS")
	  REFERENCES "AIR2JAVA"."PAYS" ("ID_PAYS") ENABLE;
  ALTER TABLE "AIR2JAVA"."COMPOSE" ADD CONSTRAINT "FK_COMPOSE_REGIONS" FOREIGN KEY ("ID_REGION")
	  REFERENCES "AIR2JAVA"."REGIONS" ("ID_REGION") ENABLE;
--------------------------------------------------------
--  Ref Constraints for Table EST_AUTEUR
--------------------------------------------------------

  ALTER TABLE "AIR2JAVA"."EST_AUTEUR" ADD CONSTRAINT "FK_EST_AUTEUR_INDIVIDUS" FOREIGN KEY ("ID_INDIVIDU")
	  REFERENCES "AIR2JAVA"."INDIVIDUS" ("ID_INDIVIDU") ENABLE;
  ALTER TABLE "AIR2JAVA"."EST_AUTEUR" ADD CONSTRAINT "FK_EST_AUTEUR_OEUVRES" FOREIGN KEY ("ID_OEUVRE")
	  REFERENCES "AIR2JAVA"."OEUVRES" ("ID_OEUVRE") ENABLE;
--------------------------------------------------------
--  Ref Constraints for Table EST_DE_TYPE
--------------------------------------------------------

  ALTER TABLE "AIR2JAVA"."EST_DE_TYPE" ADD CONSTRAINT "FK_EST_DE_TYPE_OEUVRES" FOREIGN KEY ("ID_OEUVRE")
	  REFERENCES "AIR2JAVA"."OEUVRES" ("ID_OEUVRE") ENABLE;
  ALTER TABLE "AIR2JAVA"."EST_DE_TYPE" ADD CONSTRAINT "FK_EST_DE_TYPE_OEUVRETYPES" FOREIGN KEY ("ID_OEUVRETYPE")
	  REFERENCES "AIR2JAVA"."OEUVRETYPES" ("ID_OEUVRETYPE") ENABLE;
--------------------------------------------------------
--  Ref Constraints for Table EST_MEMBRE
--------------------------------------------------------

  ALTER TABLE "AIR2JAVA"."EST_MEMBRE" ADD CONSTRAINT "FK_EST_MEMBRE_FONCTIONS" FOREIGN KEY ("ID_FONCTION")
	  REFERENCES "AIR2JAVA"."FONCTIONS" ("ID_FONCTION") ENABLE;
  ALTER TABLE "AIR2JAVA"."EST_MEMBRE" ADD CONSTRAINT "FK_EST_MEMBRE_GROUPES" FOREIGN KEY ("ID_GROUPE")
	  REFERENCES "AIR2JAVA"."GROUPES" ("ID_GROUPE") ENABLE;
  ALTER TABLE "AIR2JAVA"."EST_MEMBRE" ADD CONSTRAINT "FK_EST_MEMBRE_INDIVIDUS" FOREIGN KEY ("ID_INDIVIDU")
	  REFERENCES "AIR2JAVA"."INDIVIDUS" ("ID_INDIVIDU") ENABLE;
--------------------------------------------------------
--  Ref Constraints for Table EST_RESPONSABLE
--------------------------------------------------------

  ALTER TABLE "AIR2JAVA"."EST_RESPONSABLE" ADD CONSTRAINT "FK_EST_RESPONSABLE_GROUPES" FOREIGN KEY ("ID_GROUPE")
	  REFERENCES "AIR2JAVA"."GROUPES" ("ID_GROUPE") ENABLE;
  ALTER TABLE "AIR2JAVA"."EST_RESPONSABLE" ADD CONSTRAINT "FK_EST_RESPONSABLE_INDIVIDUS" FOREIGN KEY ("ID_INDIVIDU")
	  REFERENCES "AIR2JAVA"."INDIVIDUS" ("ID_INDIVIDU") ENABLE;
  ALTER TABLE "AIR2JAVA"."EST_RESPONSABLE" ADD CONSTRAINT "FK_EST_RESPONSABLE_RESPONSABIL" FOREIGN KEY ("ID_RESPONSABILITE")
	  REFERENCES "AIR2JAVA"."RESPONSABILITES" ("ID_RESPONSABILITE") ENABLE;
--------------------------------------------------------
--  Ref Constraints for Table GROUPES
--------------------------------------------------------

  ALTER TABLE "AIR2JAVA"."GROUPES" ADD CONSTRAINT "FK_GROUPES_INDIVIDUS" FOREIGN KEY ("ID_INDIVIDU")
	  REFERENCES "AIR2JAVA"."INDIVIDUS" ("ID_INDIVIDU") ENABLE;
--------------------------------------------------------
--  Ref Constraints for Table INDIVIDUS
--------------------------------------------------------

  ALTER TABLE "AIR2JAVA"."INDIVIDUS" ADD CONSTRAINT "FK_INDIVIDUS_CIVILITES" FOREIGN KEY ("ID_CIVILITE")
	  REFERENCES "AIR2JAVA"."CIVILITES" ("ID_CIVILITE") ENABLE;
--------------------------------------------------------
--  Ref Constraints for Table JOUE
--------------------------------------------------------

  ALTER TABLE "AIR2JAVA"."JOUE" ADD CONSTRAINT "FK_JOUE_GROUPES" FOREIGN KEY ("ID_GROUPE")
	  REFERENCES "AIR2JAVA"."GROUPES" ("ID_GROUPE") ENABLE;
  ALTER TABLE "AIR2JAVA"."JOUE" ADD CONSTRAINT "FK_JOUE_OEUVRES" FOREIGN KEY ("ID_OEUVRE")
	  REFERENCES "AIR2JAVA"."OEUVRES" ("ID_OEUVRE") ENABLE;
--------------------------------------------------------
--  Ref Constraints for Table JOUEE_EN_TANT_QUE
--------------------------------------------------------

  ALTER TABLE "AIR2JAVA"."JOUEE_EN_TANT_QUE" ADD CONSTRAINT "FK_JOUEE_EN_TANT_QUE_INSTUMENT" FOREIGN KEY ("ID_INSTRUMENT")
	  REFERENCES "AIR2JAVA"."INSTUMENTS" ("ID_INSTRUMENT") ENABLE;
  ALTER TABLE "AIR2JAVA"."JOUEE_EN_TANT_QUE" ADD CONSTRAINT "FK_JOUEE_EN_TANT_QUE_SPECIALIT" FOREIGN KEY ("ID_SPECIALITE")
	  REFERENCES "AIR2JAVA"."SPECIALITE" ("ID_SPECIALITE") ENABLE;
--------------------------------------------------------
--  Ref Constraints for Table JOUE_EN_TANT_QUE
--------------------------------------------------------

  ALTER TABLE "AIR2JAVA"."JOUE_EN_TANT_QUE" ADD CONSTRAINT "FK_JOUE_EN_TANT_QUE_INDIVIDUS" FOREIGN KEY ("ID_INDIVIDU")
	  REFERENCES "AIR2JAVA"."INDIVIDUS" ("ID_INDIVIDU") ENABLE;
  ALTER TABLE "AIR2JAVA"."JOUE_EN_TANT_QUE" ADD CONSTRAINT "FK_JOUE_EN_TANT_QUE_INSTRUMENT" FOREIGN KEY ("ID_INSTRUMENT")
	  REFERENCES "AIR2JAVA"."INSTRUMENTS" ("ID_INSTRUMENT") ENABLE;
  ALTER TABLE "AIR2JAVA"."JOUE_EN_TANT_QUE" ADD CONSTRAINT "FK_JOUE_EN_TANT_QUE_SPECIALITE" FOREIGN KEY ("ID_SPECIALITE")
	  REFERENCES "AIR2JAVA"."SPECIALITES" ("ID_SPECIALITE") ENABLE;
--------------------------------------------------------
--  Ref Constraints for Table LIEUX
--------------------------------------------------------

  ALTER TABLE "AIR2JAVA"."LIEUX" ADD CONSTRAINT "FK_LIEUX_ADRESSES" FOREIGN KEY ("ID_ADRESSE")
	  REFERENCES "AIR2JAVA"."ADRESSES" ("ID_ADRESSE") ENABLE;
--------------------------------------------------------
--  Ref Constraints for Table PROGRAMME
--------------------------------------------------------

  ALTER TABLE "AIR2JAVA"."PROGRAMME" ADD CONSTRAINT "FK_PROGRAMME_GROUPES" FOREIGN KEY ("ID_GROUPE")
	  REFERENCES "AIR2JAVA"."GROUPES" ("ID_GROUPE") ENABLE;
  ALTER TABLE "AIR2JAVA"."PROGRAMME" ADD CONSTRAINT "FK_PROGRAMME_LIEUXREPRESENTATI" FOREIGN KEY ("ID_LIEUREPRESENTATION")
	  REFERENCES "AIR2JAVA"."LIEUXREPRESENTATION" ("ID_LIEUREPRESENTATION") ENABLE;
  ALTER TABLE "AIR2JAVA"."PROGRAMME" ADD CONSTRAINT "FK_PROGRAMME_RENCONTRES" FOREIGN KEY ("ID_RENCONTRE")
	  REFERENCES "AIR2JAVA"."RENCONTRES" ("ID_RENCONTRE") ENABLE;
--------------------------------------------------------
--  Ref Constraints for Table RENCONTRES
--------------------------------------------------------

  ALTER TABLE "AIR2JAVA"."RENCONTRES" ADD CONSTRAINT "FK_RENCONTRES_INDIVIDUS" FOREIGN KEY ("ID_INDIVIDU")
	  REFERENCES "AIR2JAVA"."INDIVIDUS" ("ID_INDIVIDU") ENABLE;
--------------------------------------------------------
--  Ref Constraints for Table REPRESENTE_PAYS
--------------------------------------------------------

  ALTER TABLE "AIR2JAVA"."REPRESENTE_PAYS" ADD CONSTRAINT "FK_REPRESENTE_PAYS_GROUPES" FOREIGN KEY ("ID_GROUPE")
	  REFERENCES "AIR2JAVA"."GROUPES" ("ID_GROUPE") ENABLE;
  ALTER TABLE "AIR2JAVA"."REPRESENTE_PAYS" ADD CONSTRAINT "FK_REPRESENTE_PAYS_PAYS" FOREIGN KEY ("ID_PAYS")
	  REFERENCES "AIR2JAVA"."PAYS" ("ID_PAYS") ENABLE;
--------------------------------------------------------
--  Ref Constraints for Table REPRESENTE_REGION
--------------------------------------------------------

  ALTER TABLE "AIR2JAVA"."REPRESENTE_REGION" ADD CONSTRAINT "FK_REPRESENTE_REGION_GROUPES" FOREIGN KEY ("ID_GROUPE")
	  REFERENCES "AIR2JAVA"."GROUPES" ("ID_GROUPE") ENABLE;
  ALTER TABLE "AIR2JAVA"."REPRESENTE_REGION" ADD CONSTRAINT "FK_REPRESENTE_REGION_REGIONS" FOREIGN KEY ("ID_REGION")
	  REFERENCES "AIR2JAVA"."REGIONS" ("ID_REGION") ENABLE;
--------------------------------------------------------
--  Ref Constraints for Table SE_COMPOSE_DE
--------------------------------------------------------

  ALTER TABLE "AIR2JAVA"."SE_COMPOSE_DE" ADD CONSTRAINT "FK_SE_COMPOSE_DE_OEUVRES" FOREIGN KEY ("ID_OEUVRE")
	  REFERENCES "AIR2JAVA"."OEUVRES" ("ID_OEUVRE") ENABLE;
  ALTER TABLE "AIR2JAVA"."SE_COMPOSE_DE" ADD CONSTRAINT "FK_SE_COMPOSE_DE_PROGRAMME" FOREIGN KEY ("ID_PROGRAMME")
	  REFERENCES "AIR2JAVA"."PROGRAMME" ("ID_PROGRAMME") ENABLE;
--------------------------------------------------------
--  Ref Constraints for Table SE_DEROULE
--------------------------------------------------------

  ALTER TABLE "AIR2JAVA"."SE_DEROULE" ADD CONSTRAINT "FK_SE_DEROULE_LIEUX" FOREIGN KEY ("ID_LIEU")
	  REFERENCES "AIR2JAVA"."LIEUX" ("ID_LIEU") ENABLE;
  ALTER TABLE "AIR2JAVA"."SE_DEROULE" ADD CONSTRAINT "FK_SE_DEROULE_RENCONTRES" FOREIGN KEY ("ID_RENCONTRE")
	  REFERENCES "AIR2JAVA"."RENCONTRES" ("ID_RENCONTRE") ENABLE;
